代號,名稱,市場,類型,評分,收盤價,前段漲幅(%),日均成交(M),技術面描述,新聞與題材,URL清單,Google新聞數,MOPS連結數
2351,順德,TWSE,VCP 整理完成,11,180.0,140.0,1838,收盤 180.0 元，前段漲幅 +140.0%，ADR 7.97%，日均成交 1838M 台幣，量比 0.55x，VCP 整理型態完成，等候突破，10MA>20MA>50MA 多頭排列,"【2351 順德 — VCP 整理完成】
收盤 180.0 元，前段漲幅 +140.0%，ADR 7.97%，日均成交 1838M 台幣，量比 0.55x，VCP 整理型態完成，等候突破，10MA>20MA>50MA 多頭排列

■ 媒體報導（Google News）
  • 順德(2351)- - 券商分點進出買賣統計-股市爆料同學會 - CMoney
    順德(2351)- - 券商分點進出買賣統計-股市爆料同學會&nbsp;&nbsp;CMoney
    https://news.google.com/rss/articles/CBMiakFVX3lxTFA0ektJb21lT0E1TC1zTjQtdm5pS2RuQTNmQWZ2WEIwUmZqMmhBZkM1M0NFdW5CTGIxUlZCbE5Jcm1ybXFEbncxU3BDbjgzcWMwYTU5VG9qbWEwSllHWm9YY1BsNVR4VzNNRXc?oc=5
  • 順德跨足半導體、AI 伺服器 業務升級營運點火 短多趨勢明顯 - 經濟日報
    順德跨足半導體、AI 伺服器 業務升級營運點火 短多趨勢明顯&nbsp;&nbsp;經濟日報
    https://news.google.com/rss/articles/CBMiWkFVX3lxTE5ySTlRVmFxb3NBS1oxWWxleTV0Vm9BbGtGNGpBaklTbk9BWTA4WXlfanRQbGd0Q3doWThXanBHWWJ0R2p5aTRXREd1aG5EZUI4b05FUTVmVzVfZ9IBX0FVX3lxTFBMSVpINkl3cUZlOUt0Sk5NX2ZtQ2tlaU53SURDV1FXY0sxdEVsRGwwOTJuTVdzcV9YRm9qVnd3X2NWd0VVa3JJdGMzOVZ0dzdTYzR5QkZCUGpUdGh6SUtz?oc=5
  • 2351 順德 - 順德轉型逆轉勝還是煙火？-股市爆料同學會 - CMoney
    2351 順德 - 順德轉型逆轉勝還是煙火？-股市爆料同學會&nbsp;&nbsp;CMoney
    https://news.google.com/rss/articles/CBMiWEFVX3lxTE5mdkhxV0hOenNQVGFnbHZTV2FBUmdBclRSWjlkOW5Kb1FMUFB4eTJwVTV4RmlLNlpHcDA2U2ozakdueUxfanhVcFRSSVRoclJrMkt0MWFxU3g?oc=5
  • 2351 順德 - 股市最新爆料，掌握股友們對眾個股股價、技術分析、新聞的第一手...-股市爆料同學會 - CMoney
    2351 順德 - 股市最新爆料，掌握股友們對眾個股股價、技術分析、新聞的第一手...-股市爆料同學會&nbsp;&nbsp;CMoney
    https://news.google.com/rss/articles/CBMiWEFVX3lxTFBtMmhFamQ3RkpsamI2SHBrSFZIUFpfdTVCMWlCV0hOWVhZZWgxS09wV0NrQ3BxcnJ2QmpiZzI4TWQzNm9yUlBNYVhleE5pTEdFQktPUEhhWnA?oc=5
  • 2351 順德 - 順德跨足半導體、AI 伺服器業務升級營運點火短多趨勢明顯-股市爆料同學會 - CMoney
    2351 順德 - 順德跨足半導體、AI 伺服器業務升級營運點火短多趨勢明顯-股市爆料同學會&nbsp;&nbsp;CMoney
    https://news.google.com/rss/articles/CBMiWEFVX3lxTE5TcEYtdXQtQjVKZTF0WTBiWGMwZmNQajZhbFpCWWxYS2t3ZkNtSmVGOTRrRlI1ek5URkRSWkJpQWVWZGx2enpmTnJVX2lFNnc4SjZJaUlUVHU?oc=5

■ 重大訊息公告（MOPS）
  • [2026-05-18] MOPS 重大訊息查詢頁（2351）
    https://mops.twse.com.tw/mops/web/t05sr01_1?co_id=2351&b_date=1150401&e_date=1150518
","[Google] 順德(2351)- - 券商分點進出買賣統計-股市爆料同學會 - CMoney → https://news.google.com/rss/articles/CBMiakFVX3lxTFA0ektJb21lT0E1TC1zTjQtdm5pS2RuQTNmQWZ2WEIwUmZqMmhBZkM1M0NFdW5CTGIxUlZCbE5Jcm1ybXFEbncxU3BDbjgzcWMwYTU5VG9qbWEwSllHWm9YY1BsNVR4VzNNRXc?oc=5
[Google] 順德跨足半導體、AI 伺服器 業務升級營運點火 短多趨勢明顯 - 經濟日報 → https://news.google.com/rss/articles/CBMiWkFVX3lxTE5ySTlRVmFxb3NBS1oxWWxleTV0Vm9BbGtGNGpBaklTbk9BWTA4WXlfanRQbGd0Q3doWThXanBHWWJ0R2p5aTRXREd1aG5EZUI4b05FUTVmVzVfZ9IBX0FVX3lxTFBMSVpINkl3cUZlOUt0Sk5NX2ZtQ2tlaU53SURDV1FXY0sxdEVsRGwwOTJuTVdzcV9YRm9qVnd3X2NWd0VVa3JJdGMzOVZ0dzdTYzR5QkZCUGpUdGh6SUtz?oc=5
[Google] 2351 順德 - 順德轉型逆轉勝還是煙火？-股市爆料同學會 - CMoney → https://news.google.com/rss/articles/CBMiWEFVX3lxTE5mdkhxV0hOenNQVGFnbHZTV2FBUmdBclRSWjlkOW5Kb1FMUFB4eTJwVTV4RmlLNlpHcDA2U2ozakdueUxfanhVcFRSSVRoclJrMkt0MWFxU3g?oc=5
[Google] 2351 順德 - 股市最新爆料，掌握股友們對眾個股股價、技術分析、新聞的第一手...-股市爆料同學會 - CMoney → https://news.google.com/rss/articles/CBMiWEFVX3lxTFBtMmhFamQ3RkpsamI2SHBrSFZIUFpfdTVCMWlCV0hOWVhZZWgxS09wV0NrQ3BxcnJ2QmpiZzI4TWQzNm9yUlBNYVhleE5pTEdFQktPUEhhWnA?oc=5
[Google] 2351 順德 - 順德跨足半導體、AI 伺服器業務升級營運點火短多趨勢明顯-股市爆料同學會 - CMoney → https://news.google.com/rss/articles/CBMiWEFVX3lxTE5TcEYtdXQtQjVKZTF0WTBiWGMwZmNQajZhbFpCWWxYS2t3ZkNtSmVGOTRrRlI1ek5URkRSWkJpQWVWZGx2enpmTnJVX2lFNnc4SjZJaUlUVHU?oc=5
[MOPS] MOPS 重大訊息查詢頁（2351） → https://mops.twse.com.tw/mops/web/t05sr01_1?co_id=2351&b_date=1150401&e_date=1150518",5,1
2399,映泰,TWSE,VCP 整理完成,11,45.45,116.4,1073,收盤 45.45 元，前段漲幅 +116.4%，ADR 7.03%，日均成交 1073M 台幣，量比 0.53x，VCP 整理型態完成，等候突破，10MA>20MA>50MA 多頭排列,"【2399 映泰 — VCP 整理完成】
收盤 45.45 元，前段漲幅 +116.4%，ADR 7.03%，日均成交 1073M 台幣，量比 0.53x，VCP 整理型態完成，等候突破，10MA>20MA>50MA 多頭排列

■ 媒體報導（Google News）
  • 2399 映泰 - 今天會不會衝漲停呢？-股市爆料同學會 - CMoney
    2399 映泰 - 今天會不會衝漲停呢？-股市爆料同學會&nbsp;&nbsp;CMoney
    https://news.google.com/rss/articles/CBMiWEFVX3lxTE9EbGdTVU9weWpQaHItNUxfX2xGbFJUbktETkpvUzdTeEZJQnJSNXRoOEJXYV9MWm5Pd0UzNllSSlNfd3ZVZmhZejNTYlhXbzBhczk5aTlRQWM?oc=5
  • 【即時新聞】映泰(2399)單月賺贏去年飆漲停！這「3檔概念股」資金輪動大洗牌？ - CMoney投資網誌
    【即時新聞】映泰(2399)單月賺贏去年飆漲停！這「3檔概念股」資金輪動大洗牌？&nbsp;&nbsp;CMoney投資網誌
    https://news.google.com/rss/articles/CBMikAFBVV95cUxOR0Q3UnpEcVVUV21KWFdFLWNCYWplRzAyTUNKQ3YtcUQzUE5UaHJvdUVtY0pnbzdsSHplWktWbExhUGNYOGZ5ZFA1c25HVGdQY1N0OGtYSGk4QTVuNk5hWFNrSkZIbHZvejNFWDVrNTU5SzItMDdoV1laV2NGa2labzBBaHNtcEoxU1FKcnpiMGs?oc=5
  • 邊緣AI轉型點火 映泰(2399)2月EPS 躍升價值重估行情升溫 - moneyweekly.com.tw
    邊緣AI轉型點火 映泰(2399)2月EPS 躍升價值重估行情升溫&nbsp;&nbsp;moneyweekly.com.tw
    https://news.google.com/rss/articles/CBMib0FVX3lxTE9iM1Q2LUJNQWhwVG91Ml9feVpBdVNVTFo3LU9rWkZkZENTc1VCRlctZkpQOXkwcUJMLUtzLTRRcWxjTm5XWS1Zbk5YQno2MVpoZ1llM0NpUVRUY0VsY2stX0s5MkExN09UZll0Q3h5SQ?oc=5
  • 2399 映泰 - 要不要過？-股市爆料同學會 - CMoney
    2399 映泰 - 要不要過？-股市爆料同學會&nbsp;&nbsp;CMoney
    https://news.google.com/rss/articles/CBMiWEFVX3lxTFBiSzRGTXhpbDVBM0RHamQtN1NibF9haENKQVExbTdjeURKWmxPSG1rY245NTJWZEJCeUNVVnB6aXhTVlhFRVJFel9vdEszNnJ3TWppYjdJN08?oc=5
  • 2399 映泰 - 🚀 - 股市爆料同學會 - CMoney
    2399 映泰 - 🚀 - 股市爆料同學會&nbsp;&nbsp;CMoney
    https://news.google.com/rss/articles/CBMiWEFVX3lxTE9vcW0yeld4VkhLNzRLT1dYQXlSQ3BKNm11NG9iUzdLNmp6b2RmU1Q0amtMTXlfai0zNy1BVTJ6RjZXRlVteG9pN3YtdHhJY3FudGZ1dWNTZ1k?oc=5

■ 重大訊息公告（MOPS）
  • [2026-05-18] MOPS 重大訊息查詢頁（2399）
    https://mops.twse.com.tw/mops/web/t05sr01_1?co_id=2399&b_date=1150401&e_date=1150518
","[Google] 2399 映泰 - 今天會不會衝漲停呢？-股市爆料同學會 - CMoney → https://news.google.com/rss/articles/CBMiWEFVX3lxTE9EbGdTVU9weWpQaHItNUxfX2xGbFJUbktETkpvUzdTeEZJQnJSNXRoOEJXYV9MWm5Pd0UzNllSSlNfd3ZVZmhZejNTYlhXbzBhczk5aTlRQWM?oc=5
[Google] 【即時新聞】映泰(2399)單月賺贏去年飆漲停！這「3檔概念股」資金輪動大洗牌？ - CMoney投資網誌 → https://news.google.com/rss/articles/CBMikAFBVV95cUxOR0Q3UnpEcVVUV21KWFdFLWNCYWplRzAyTUNKQ3YtcUQzUE5UaHJvdUVtY0pnbzdsSHplWktWbExhUGNYOGZ5ZFA1c25HVGdQY1N0OGtYSGk4QTVuNk5hWFNrSkZIbHZvejNFWDVrNTU5SzItMDdoV1laV2NGa2labzBBaHNtcEoxU1FKcnpiMGs?oc=5
[Google] 邊緣AI轉型點火 映泰(2399)2月EPS 躍升價值重估行情升溫 - moneyweekly.com.tw → https://news.google.com/rss/articles/CBMib0FVX3lxTE9iM1Q2LUJNQWhwVG91Ml9feVpBdVNVTFo3LU9rWkZkZENTc1VCRlctZkpQOXkwcUJMLUtzLTRRcWxjTm5XWS1Zbk5YQno2MVpoZ1llM0NpUVRUY0VsY2stX0s5MkExN09UZll0Q3h5SQ?oc=5
[Google] 2399 映泰 - 要不要過？-股市爆料同學會 - CMoney → https://news.google.com/rss/articles/CBMiWEFVX3lxTFBiSzRGTXhpbDVBM0RHamQtN1NibF9haENKQVExbTdjeURKWmxPSG1rY245NTJWZEJCeUNVVnB6aXhTVlhFRVJFel9vdEszNnJ3TWppYjdJN08?oc=5
[Google] 2399 映泰 - 🚀 - 股市爆料同學會 - CMoney → https://news.google.com/rss/articles/CBMiWEFVX3lxTE9vcW0yeld4VkhLNzRLT1dYQXlSQ3BKNm11NG9iUzdLNmp6b2RmU1Q0amtMTXlfai0zNy1BVTJ6RjZXRlVteG9pN3YtdHhJY3FudGZ1dWNTZ1k?oc=5
[MOPS] MOPS 重大訊息查詢頁（2399） → https://mops.twse.com.tw/mops/web/t05sr01_1?co_id=2399&b_date=1150401&e_date=1150518",5,1
3711,日月光投控,TWSE,VCP 整理完成,10,547.0,83.6,12154,收盤 547.0 元，前段漲幅 +83.6%，ADR 5.17%，日均成交 12154M 台幣，量比 0.78x，VCP 整理型態完成，等候突破，10MA>20MA>50MA 多頭排列,"【3711 日月光投控 — VCP 整理完成】
收盤 547.0 元，前段漲幅 +83.6%，ADR 5.17%，日均成交 12154M 台幣，量比 0.78x，VCP 整理型態完成，等候突破，10MA>20MA>50MA 多頭排列

■ 媒體報導（Google News）
  • 3711 日月光投控- 日月光持股獲利續抱-股市爆料同學會 - CMoney
    3711 日月光投控- 日月光持股獲利續抱-股市爆料同學會&nbsp;&nbsp;CMoney
    https://news.google.com/rss/articles/CBMiWEFVX3lxTE9QYzVzQXh6YkJ4cmRlWUNmZnBXVGxrLXlSZzB4Y3dPMm1na0RMNGNGdWt6Qk5YSDFDZG01NkVVeU9jOEQ0dDFhVnhHNHV3dEpTaFlIQlNYZks?oc=5
  • 日月光投控法說／先進封裝爆發年增70% 2026營收倍增衝32億美元｜股市話題｜豐雲學堂2026 年 05 月 - sinotrade.com.tw
    日月光投控法說／先進封裝爆發年增70% 2026營收倍增衝32億美元｜股市話題｜豐雲學堂2026 年 05 月&nbsp;&nbsp;sinotrade.com.tw
    https://news.google.com/rss/articles/CBMi0ANBVV95cUxNM2JFTi1jcGRoUHN1QW91MjU4dE5yZEVVOEhKRTF3LUFmZDVwQ1FVYU5rc2JLZk1WRllyMW1URE1qWk1JZkw0WVEtbDZwTzNCakhPY0Z2M1JKUExxMFlHOC1hLXZKa2VfdmpBTGRBV25IeVQyM1hzMkRqdnVicHM2SElaQjRxMW51ZVRSWjhWU2o2NU9oY0xzTWpZbkVXNUthU0ltYmZuTVg1cTNZZTZxaGV4c2RmcS1WMENRTFM4TFhTZHNLOWtJMmVlb3lnMGZKZV82dWJLbWdRdWRZVXUtNWJ3cnpJN1pZQkVxWkIxVjJVTDV6cFRIS1A1NFdaOEJ3Q2I5LTNybmlQN2RocEFfdVlhdDlpdi1WMjlndGdwOE5qemlwXy1veEd4RkZ5RHVXVnFIY2NUQ3NCRTFBbmxuM1huSWViLUhaal9xU2Y1R0YzTDRWMkJ4MVpzb1JqSkVPQXJ3TnMzd2RhN1c0Mk16eDRQdllrbGJwaTVLS0pJcEZqTGE0MEgzbmNyQk50OV9WQnh0ZEN2bHlQYkZiR2ZwX0pUY0hLMEZlelNZNko5NGRBT0FQNXNDNnJkR1VXQXJFYmtFdVMxN0lSUHFFbE92LQ?oc=5
  • 日月光(3711)股價100→359元！他從虧掉2台國產車價，到3年後倒賺3倍...為何敢緊抱不賣？2026還有戲？ - 今周刊
    日月光(3711)股價100→359元！他從虧掉2台國產車價，到3年後倒賺3倍...為何敢緊抱不賣？2026還有戲？&nbsp;&nbsp;今周刊
    https://news.google.com/rss/articles/CBMigAFBVV95cUxOZ0ZybWlXVnQyNVlBWkFKTUtzMlNYUXdkSGV0OHJncV9kbDlDQkl6NllGdkhEcFlhakIyYnRIVVdGOG9IMHhMTk9Id1d2N3RKT1VsNjRIZjZlMXZrd0ZBeWNJRHdpRElad0xpdWpIWDF0WHlnXy1IM19Mbl9EOUZXVw?oc=5
  • 3711 日月光投控- 台股再創新高，AI題材強勢推動-股市爆料同學會 - CMoney
    3711 日月光投控- 台股再創新高，AI題材強勢推動-股市爆料同學會&nbsp;&nbsp;CMoney
    https://news.google.com/rss/articles/CBMiWEFVX3lxTE50UDltVVpvT1htQTFzZFZNdUNZejVDNmtUUDR0R2lMaG1DRjRmemprMlBQd2pPRi1feFI2TjFXaW1uZmM2dzRXdjhfc0sxU1B2MGxtSWR1VVM?oc=5
  • 3711 日月光投控- 唯一信仰❤️-股市爆料同學會 - CMoney
    3711 日月光投控- 唯一信仰❤️-股市爆料同學會&nbsp;&nbsp;CMoney
    https://news.google.com/rss/articles/CBMiWEFVX3lxTE15Z2pIX25wNW1fSHRuVnh3NVY3S3p6R3VNYXJEd0t5TVoybUFkNlp1TWRWRVpnLWdGRVdBajZscjZxWThxcmExUTUyYkRXRk93eHFhY1owYm8?oc=5

■ 重大訊息公告（MOPS）
  • [2026-05-18] MOPS 重大訊息查詢頁（3711）
    https://mops.twse.com.tw/mops/web/t05sr01_1?co_id=3711&b_date=1150401&e_date=1150518
","[Google] 3711 日月光投控- 日月光持股獲利續抱-股市爆料同學會 - CMoney → https://news.google.com/rss/articles/CBMiWEFVX3lxTE9QYzVzQXh6YkJ4cmRlWUNmZnBXVGxrLXlSZzB4Y3dPMm1na0RMNGNGdWt6Qk5YSDFDZG01NkVVeU9jOEQ0dDFhVnhHNHV3dEpTaFlIQlNYZks?oc=5
[Google] 日月光投控法說／先進封裝爆發年增70% 2026營收倍增衝32億美元｜股市話題｜豐雲學堂2026 年 05 月 - sinotrade.com.tw → https://news.google.com/rss/articles/CBMi0ANBVV95cUxNM2JFTi1jcGRoUHN1QW91MjU4dE5yZEVVOEhKRTF3LUFmZDVwQ1FVYU5rc2JLZk1WRllyMW1URE1qWk1JZkw0WVEtbDZwTzNCakhPY0Z2M1JKUExxMFlHOC1hLXZKa2VfdmpBTGRBV25IeVQyM1hzMkRqdnVicHM2SElaQjRxMW51ZVRSWjhWU2o2NU9oY0xzTWpZbkVXNUthU0ltYmZuTVg1cTNZZTZxaGV4c2RmcS1WMENRTFM4TFhTZHNLOWtJMmVlb3lnMGZKZV82dWJLbWdRdWRZVXUtNWJ3cnpJN1pZQkVxWkIxVjJVTDV6cFRIS1A1NFdaOEJ3Q2I5LTNybmlQN2RocEFfdVlhdDlpdi1WMjlndGdwOE5qemlwXy1veEd4RkZ5RHVXVnFIY2NUQ3NCRTFBbmxuM1huSWViLUhaal9xU2Y1R0YzTDRWMkJ4MVpzb1JqSkVPQXJ3TnMzd2RhN1c0Mk16eDRQdllrbGJwaTVLS0pJcEZqTGE0MEgzbmNyQk50OV9WQnh0ZEN2bHlQYkZiR2ZwX0pUY0hLMEZlelNZNko5NGRBT0FQNXNDNnJkR1VXQXJFYmtFdVMxN0lSUHFFbE92LQ?oc=5
[Google] 日月光(3711)股價100→359元！他從虧掉2台國產車價，到3年後倒賺3倍...為何敢緊抱不賣？2026還有戲？ - 今周刊 → https://news.google.com/rss/articles/CBMigAFBVV95cUxOZ0ZybWlXVnQyNVlBWkFKTUtzMlNYUXdkSGV0OHJncV9kbDlDQkl6NllGdkhEcFlhakIyYnRIVVdGOG9IMHhMTk9Id1d2N3RKT1VsNjRIZjZlMXZrd0ZBeWNJRHdpRElad0xpdWpIWDF0WHlnXy1IM19Mbl9EOUZXVw?oc=5
[Google] 3711 日月光投控- 台股再創新高，AI題材強勢推動-股市爆料同學會 - CMoney → https://news.google.com/rss/articles/CBMiWEFVX3lxTE50UDltVVpvT1htQTFzZFZNdUNZejVDNmtUUDR0R2lMaG1DRjRmemprMlBQd2pPRi1feFI2TjFXaW1uZmM2dzRXdjhfc0sxU1B2MGxtSWR1VVM?oc=5
[Google] 3711 日月光投控- 唯一信仰❤️-股市爆料同學會 - CMoney → https://news.google.com/rss/articles/CBMiWEFVX3lxTE15Z2pIX25wNW1fSHRuVnh3NVY3S3p6R3VNYXJEd0t5TVoybUFkNlp1TWRWRVpnLWdGRVdBajZscjZxWThxcmExUTUyYkRXRk93eHFhY1owYm8?oc=5
[MOPS] MOPS 重大訊息查詢頁（3711） → https://mops.twse.com.tw/mops/web/t05sr01_1?co_id=3711&b_date=1150401&e_date=1150518",5,1
8028,昇陽半導體,TWSE,EP 情境轉折,10,287.5,82.0,4708,收盤 287.5 元，前段漲幅 +82.0%，ADR 6.94%，日均成交 4708M 台幣，量比 1.89x，今日跳空 +9.94%（EP 突破訊號），10MA>20MA>50MA 多頭排列,"【8028 昇陽半導體 — EP 情境轉折】
收盤 287.5 元，前段漲幅 +82.0%，ADR 6.94%，日均成交 4708M 台幣，量比 1.89x，今日跳空 +9.94%（EP 突破訊號），10MA>20MA>50MA 多頭排列

■ 媒體報導（Google News）
  • 昇陽半導體(8028) 今日股價與討論-股市爆料同學會 - CMoney
    昇陽半導體(8028) 今日股價與討論-股市爆料同學會&nbsp;&nbsp;CMoney
    https://news.google.com/rss/articles/CBMiT0FVX3lxTE1DWUlOS3VTbVNJREw5cWtpSHZnbUlET01GNTg1cVRabkVKdUQyd0FGeEh1TUZFd05lekw0aDRqRFJZVjg0VjhYVlBZN3VCV0E?oc=5
  • 今日漲停股｜機器人與先進封裝材料族群領軍，昇陽半導體、盟立、所羅門於台股崩跌 579 點下強勢鎖漲停 0515 - sinotrade.com.tw
    今日漲停股｜機器人與先進封裝材料族群領軍，昇陽半導體、盟立、所羅門於台股崩跌 579 點下強勢鎖漲停 0515&nbsp;&nbsp;sinotrade.com.tw
    https://news.google.com/rss/articles/CBMi-wRBVV95cUxNSGk4ejdQbWg1SkVvU2VZdUlLbHkteUF5UV9kVTBNR01rZEszY0FES0xvWHI1RktZbWNrVFkzRkVQejBFR3pUQlJSdkdFUHM4Q2JrRFhuV0hMb1h0Y0Rua25zYlk3Y0NCX1RjNzlRN1BkRUpUWUZ0eDNRb0YtT1pDcnk4cGRCMXk0OGxOQ2ZVeW1CVWI1SElNTFROdjBfSVJ4UlNCOTlpU1NlZGxneUdFUWVQc0lnSDk1cFZGeW1Bb2oxeHdvVV9VdDllZ1JCdzlrZUtXVUppOVdyVS1fdVhqVkxKUV9Wand4MHFaWTlFU0FiblNfNFppdENjSGRjRFl0YVJrN1JCTUZxbExMVFpjY1pjdUhDVFNNSjYyRlYzR0pXZ2dvMUFOcTE3aUt2ZEh0Z3RnaURXTm45VXFuUFA1amR1d1Qtc2tqNFBoaTlHRC1zT3FNRXNiOXJXd1kwLTBPNm1xN0dURWtWS2ozcTNTVll0OHE2bldvc243cTZuZS13TUVoWjh1TlIzS3c1ZGdzSjVVZ1hROE9rVC1DSXdKWE5iWllUVi1QRVdKRTdCTkFGenRBRHBNS3hDenJZWU5tWWU1T21TaUg5VzNWQzBad3ZtNnNKUUxGMnlnbUVGN1RlODhkRTFhdWp4Z0xyUkxab0hNWTNTUk5vS1BWX2x4U2s2aUFnNE5aUEdpSWEzMjBrS1FlZFdCa3ZHakU2XzFMc2E3bjVCc0FXOWdZVHQ1SndNQ3dyRkVfRUJEeFZZRHd6UDNNNFpLWlFNQnByWTNSNnBNc3YySFhKQkRTbWc3bF9iQzBjVks3YkwyT19PdEYyTUNXSkxvM1p2Yw?oc=5
  • 昇陽半導體(8028)- - 券商分點進出買賣統計-股市爆料同學會 - CMoney
    昇陽半導體(8028)- - 券商分點進出買賣統計-股市爆料同學會&nbsp;&nbsp;CMoney
    https://news.google.com/rss/articles/CBMiakFVX3lxTE9lM0ZvNGFVWnlPX09COWRKbUJ2NklWY3p5RnZ2QVJ3bF9rUlg0WUlkQ0V2ZmlWdFNKR0xUallLVlVQNG9udlQxYV9kOElUX3RrcVR0bXBsQzNsSU9sUTVDSFlEZ3J5MjVFS1E?oc=5
  • 昇陽半導體(8028)- - 券商分點進出買賣統計-股市爆料同學會 - CMoney
    昇陽半導體(8028)- - 券商分點進出買賣統計-股市爆料同學會&nbsp;&nbsp;CMoney
    https://news.google.com/rss/articles/CBMiakFVX3lxTE43NWhaWXhjenJGdWxxQy1fb0JTTUdvZTd6NzRFbmE4eHJ6RVRIcklPTFNUbnlnQ0pTTERCbUh1cjU3QmV0eEV3emc0T09yZUdSYl80OWkxRXZNOHlnV1FBQmFjaG9QNWFQcXc?oc=5
  • 昇陽半導體 (8028)2奈米、再生晶圓、台積電擴產受惠 - CMoney
    昇陽半導體 (8028)2奈米、再生晶圓、台積電擴產受惠&nbsp;&nbsp;CMoney
    https://news.google.com/rss/articles/CBMiWEFVX3lxTE95UlNIQVVOTjlzdEZ0allKUzk3SlJGcXNQdWl6WGxjN1ljQXJpTi1qTk9nS194MlRoa2VGY0VseFVXdU56Rzg3dEVPbnQteFFoRE5ER2RIaGw?oc=5

■ 重大訊息公告（MOPS）
  • [2026-05-18] MOPS 重大訊息查詢頁（8028）
    https://mops.twse.com.tw/mops/web/t05sr01_1?co_id=8028&b_date=1150401&e_date=1150518
","[Google] 昇陽半導體(8028) 今日股價與討論-股市爆料同學會 - CMoney → https://news.google.com/rss/articles/CBMiT0FVX3lxTE1DWUlOS3VTbVNJREw5cWtpSHZnbUlET01GNTg1cVRabkVKdUQyd0FGeEh1TUZFd05lekw0aDRqRFJZVjg0VjhYVlBZN3VCV0E?oc=5
[Google] 今日漲停股｜機器人與先進封裝材料族群領軍，昇陽半導體、盟立、所羅門於台股崩跌 579 點下強勢鎖漲停 0515 - sinotrade.com.tw → https://news.google.com/rss/articles/CBMi-wRBVV95cUxNSGk4ejdQbWg1SkVvU2VZdUlLbHkteUF5UV9kVTBNR01rZEszY0FES0xvWHI1RktZbWNrVFkzRkVQejBFR3pUQlJSdkdFUHM4Q2JrRFhuV0hMb1h0Y0Rua25zYlk3Y0NCX1RjNzlRN1BkRUpUWUZ0eDNRb0YtT1pDcnk4cGRCMXk0OGxOQ2ZVeW1CVWI1SElNTFROdjBfSVJ4UlNCOTlpU1NlZGxneUdFUWVQc0lnSDk1cFZGeW1Bb2oxeHdvVV9VdDllZ1JCdzlrZUtXVUppOVdyVS1fdVhqVkxKUV9Wand4MHFaWTlFU0FiblNfNFppdENjSGRjRFl0YVJrN1JCTUZxbExMVFpjY1pjdUhDVFNNSjYyRlYzR0pXZ2dvMUFOcTE3aUt2ZEh0Z3RnaURXTm45VXFuUFA1amR1d1Qtc2tqNFBoaTlHRC1zT3FNRXNiOXJXd1kwLTBPNm1xN0dURWtWS2ozcTNTVll0OHE2bldvc243cTZuZS13TUVoWjh1TlIzS3c1ZGdzSjVVZ1hROE9rVC1DSXdKWE5iWllUVi1QRVdKRTdCTkFGenRBRHBNS3hDenJZWU5tWWU1T21TaUg5VzNWQzBad3ZtNnNKUUxGMnlnbUVGN1RlODhkRTFhdWp4Z0xyUkxab0hNWTNTUk5vS1BWX2x4U2s2aUFnNE5aUEdpSWEzMjBrS1FlZFdCa3ZHakU2XzFMc2E3bjVCc0FXOWdZVHQ1SndNQ3dyRkVfRUJEeFZZRHd6UDNNNFpLWlFNQnByWTNSNnBNc3YySFhKQkRTbWc3bF9iQzBjVks3YkwyT19PdEYyTUNXSkxvM1p2Yw?oc=5
[Google] 昇陽半導體(8028)- - 券商分點進出買賣統計-股市爆料同學會 - CMoney → https://news.google.com/rss/articles/CBMiakFVX3lxTE9lM0ZvNGFVWnlPX09COWRKbUJ2NklWY3p5RnZ2QVJ3bF9rUlg0WUlkQ0V2ZmlWdFNKR0xUallLVlVQNG9udlQxYV9kOElUX3RrcVR0bXBsQzNsSU9sUTVDSFlEZ3J5MjVFS1E?oc=5
[Google] 昇陽半導體(8028)- - 券商分點進出買賣統計-股市爆料同學會 - CMoney → https://news.google.com/rss/articles/CBMiakFVX3lxTE43NWhaWXhjenJGdWxxQy1fb0JTTUdvZTd6NzRFbmE4eHJ6RVRIcklPTFNUbnlnQ0pTTERCbUh1cjU3QmV0eEV3emc0T09yZUdSYl80OWkxRXZNOHlnV1FBQmFjaG9QNWFQcXc?oc=5
[Google] 昇陽半導體 (8028)2奈米、再生晶圓、台積電擴產受惠 - CMoney → https://news.google.com/rss/articles/CBMiWEFVX3lxTE95UlNIQVVOTjlzdEZ0allKUzk3SlJGcXNQdWl6WGxjN1ljQXJpTi1qTk9nS194MlRoa2VGY0VseFVXdU56Rzg3dEVPbnQteFFoRE5ER2RIaGw?oc=5
[MOPS] MOPS 重大訊息查詢頁（8028） → https://mops.twse.com.tw/mops/web/t05sr01_1?co_id=8028&b_date=1150401&e_date=1150518",5,1
6285,啟碁,TWSE,VCP 整理完成,10,260.0,73.9,7551,收盤 260.0 元，前段漲幅 +73.9%，ADR 6.7%，日均成交 7551M 台幣，量比 0.67x，VCP 整理型態完成，等候突破，10MA>20MA>50MA 多頭排列,"【6285 啟碁 — VCP 整理完成】
收盤 260.0 元，前段漲幅 +73.9%，ADR 6.7%，日均成交 7551M 台幣，量比 0.67x，VCP 整理型態完成，等候突破，10MA>20MA>50MA 多頭排列

■ 媒體報導（Google News）
  • 啟碁(6285) 做什麼、法說會重點有哪些？第一季EPS達2.36元創近期新高，三大市場齊頭並進、LEO衛星與車用雙引擎加速成形｜股市話題｜豐雲學堂2026 年 05 月 - sinotrade.com.tw
    啟碁(6285) 做什麼、法說會重點有哪些？第一季EPS達2.36元創近期新高，三大市場齊頭並進、LEO衛星與車用雙引擎加速成形｜股市話題｜豐雲學堂2026 年 05 月&nbsp;&nbsp;sinotrade.com.tw
    https://news.google.com/rss/articles/CBMizwVBVV95cUxNNmsyZkoweUJoRkliRm1jQlV3UFQ1endrV01nZXdNSFJCS2xsOGtBNElDelhBMl9pRml0aGxoeVhYekRCWG9fcktFZ213eVl0ajl4bk10WjBZMldkd3gxQi1kQ19UUlBfX2NqWWMwTEo2aWVvSDhkRUlkNkdVR1RQMXZid1dzcTl2cV9MSm0wVWRQNnZ5RXR5cDFsZURTdXliblB3VVo0UWNSWjZFc0JnajBZMFhfM1pYTklLamt3aThzTzlUV3U1RUdsd3paWHF5ZGdqNG1fR3JiRC1xbTVUZHhfV3oxeVM3Y3EzZ0ZBcGppTS1pb3AxY2ctM04yUkduM3plTE5QRVdHY1Y3ckNPUVdmaGtybWNRX01tUHA1aFp0SGRuckNBNHU1NU5OcWRpdGxGUUNWem5USmJDNUFMYWdqSEZ1bjd3UlpacWlxWG5IeEJTbEZ3dEwxUGtEWTVOelFuSV9obmJVYklWRXBTbG1vM1FlQnhCSU92YU9idE9FY24tZ2FrSjZhN19HeVNGeEJWcTRycElzQnVsbGw2R2xmb2xmT0ZLRFhxeW5ZWnRkUm1oYlFmWWZrbUhELUlRTE1qMnA3WlFIdEl1UFROOVhjNGstbGFKSEVVRFJBVVNLdHV5aHU3WFlyVzk5Q21ZQk5lUWZpc25vVE5XV2MteHlCckVmWGVDLW9lMjl0VVh1Mml4aXR1MVExZHJSa21ucFdKZ2F1b19fbkdQeFhBZzY4MEFBa3Y3UGR5VXlSS2sycWRKV2R2WVhjZGxXS3lCR05GcWRXbzhhSzRQVDRpbHZadVplVWhma0w4M0pERlhHVHBMQ3VRMU1iYVBlbnBRdmE5NlFnNWNXNUNkZHZ1eWVVMVJkNmhRcGpnajBIM1NKU3hpZF9iWWNPV0kyb3M0QWI0bTVqdlpuaUNCb1A4WHF0NTFUaXBaLXdDVzhmWQ?oc=5
  • 6285 啟碁- SPCX預計6/12掛牌上市-股市爆料同學會 - CMoney
    6285 啟碁- SPCX預計6/12掛牌上市-股市爆料同學會&nbsp;&nbsp;CMoney
    https://news.google.com/rss/articles/CBMiWEFVX3lxTE00M1QtU0tTYWRyV2pnVzZlNTlqbjdZVkZVMlFKWFFnd3g3dVczc3o0bDNJeUU1ejl1RXZNMlBCMTFnM1N4RDBfSkxkaHFOQlkxcmNyR2xoSTU?oc=5
  • 6285 啟碁 - 爛死了-股市爆料同學會 - CMoney
    6285 啟碁 - 爛死了-股市爆料同學會&nbsp;&nbsp;CMoney
    https://news.google.com/rss/articles/CBMiWEFVX3lxTE92QlRvMjhvNWJPQ1EtdFZDc000WW9IOW1ETDBrTE9MaFhfQVlmanlJTjY3X0d3TmIwd081bW1MUEwzS3dleENUWE9FdURUQkJMV0pGR1VCQjg?oc=5
  • 6285 啟碁- 事欣科第一季eps4.49-股市爆料同學會 - CMoney
    6285 啟碁- 事欣科第一季eps4.49-股市爆料同學會&nbsp;&nbsp;CMoney
    https://news.google.com/rss/articles/CBMiWEFVX3lxTFAyOGdEQUg1cmtNYXVuTHlKSC1IN0xGV1ZfOEh0aE5zWjlsS3VOd3BkNzd0Vlo5TS1NQkdTVnEzaC1UQzB6T1FpSmp4dTJTLU5RbElMT3ktREQ?oc=5
  • 6285 啟碁- 今日個股亂看-股市爆料同學會 - CMoney
    6285 啟碁- 今日個股亂看-股市爆料同學會&nbsp;&nbsp;CMoney
    https://news.google.com/rss/articles/CBMiWEFVX3lxTE81NVo3OGdwSm9YbWNjaEhCLUFZbERsM2ZfaFNoQnBmN19XTUZYazZQLUVLTkt5NlZ1Z3ZOMnNqMjg3bHQ5Sk1kRTM3ZlRBT00tUVFlMnVJZ3c?oc=5

■ 重大訊息公告（MOPS）
  • [2026-05-18] MOPS 重大訊息查詢頁（6285）
    https://mops.twse.com.tw/mops/web/t05sr01_1?co_id=6285&b_date=1150401&e_date=1150518
","[Google] 啟碁(6285) 做什麼、法說會重點有哪些？第一季EPS達2.36元創近期新高，三大市場齊頭並進、LEO衛星與車用雙引擎加速成形｜股市話題｜豐雲學堂2026 年 05 月 - sinotrade.com.tw → https://news.google.com/rss/articles/CBMizwVBVV95cUxNNmsyZkoweUJoRkliRm1jQlV3UFQ1endrV01nZXdNSFJCS2xsOGtBNElDelhBMl9pRml0aGxoeVhYekRCWG9fcktFZ213eVl0ajl4bk10WjBZMldkd3gxQi1kQ19UUlBfX2NqWWMwTEo2aWVvSDhkRUlkNkdVR1RQMXZid1dzcTl2cV9MSm0wVWRQNnZ5RXR5cDFsZURTdXliblB3VVo0UWNSWjZFc0JnajBZMFhfM1pYTklLamt3aThzTzlUV3U1RUdsd3paWHF5ZGdqNG1fR3JiRC1xbTVUZHhfV3oxeVM3Y3EzZ0ZBcGppTS1pb3AxY2ctM04yUkduM3plTE5QRVdHY1Y3ckNPUVdmaGtybWNRX01tUHA1aFp0SGRuckNBNHU1NU5OcWRpdGxGUUNWem5USmJDNUFMYWdqSEZ1bjd3UlpacWlxWG5IeEJTbEZ3dEwxUGtEWTVOelFuSV9obmJVYklWRXBTbG1vM1FlQnhCSU92YU9idE9FY24tZ2FrSjZhN19HeVNGeEJWcTRycElzQnVsbGw2R2xmb2xmT0ZLRFhxeW5ZWnRkUm1oYlFmWWZrbUhELUlRTE1qMnA3WlFIdEl1UFROOVhjNGstbGFKSEVVRFJBVVNLdHV5aHU3WFlyVzk5Q21ZQk5lUWZpc25vVE5XV2MteHlCckVmWGVDLW9lMjl0VVh1Mml4aXR1MVExZHJSa21ucFdKZ2F1b19fbkdQeFhBZzY4MEFBa3Y3UGR5VXlSS2sycWRKV2R2WVhjZGxXS3lCR05GcWRXbzhhSzRQVDRpbHZadVplVWhma0w4M0pERlhHVHBMQ3VRMU1iYVBlbnBRdmE5NlFnNWNXNUNkZHZ1eWVVMVJkNmhRcGpnajBIM1NKU3hpZF9iWWNPV0kyb3M0QWI0bTVqdlpuaUNCb1A4WHF0NTFUaXBaLXdDVzhmWQ?oc=5
[Google] 6285 啟碁- SPCX預計6/12掛牌上市-股市爆料同學會 - CMoney → https://news.google.com/rss/articles/CBMiWEFVX3lxTE00M1QtU0tTYWRyV2pnVzZlNTlqbjdZVkZVMlFKWFFnd3g3dVczc3o0bDNJeUU1ejl1RXZNMlBCMTFnM1N4RDBfSkxkaHFOQlkxcmNyR2xoSTU?oc=5
[Google] 6285 啟碁 - 爛死了-股市爆料同學會 - CMoney → https://news.google.com/rss/articles/CBMiWEFVX3lxTE92QlRvMjhvNWJPQ1EtdFZDc000WW9IOW1ETDBrTE9MaFhfQVlmanlJTjY3X0d3TmIwd081bW1MUEwzS3dleENUWE9FdURUQkJMV0pGR1VCQjg?oc=5
[Google] 6285 啟碁- 事欣科第一季eps4.49-股市爆料同學會 - CMoney → https://news.google.com/rss/articles/CBMiWEFVX3lxTFAyOGdEQUg1cmtNYXVuTHlKSC1IN0xGV1ZfOEh0aE5zWjlsS3VOd3BkNzd0Vlo5TS1NQkdTVnEzaC1UQzB6T1FpSmp4dTJTLU5RbElMT3ktREQ?oc=5
[Google] 6285 啟碁- 今日個股亂看-股市爆料同學會 - CMoney → https://news.google.com/rss/articles/CBMiWEFVX3lxTE81NVo3OGdwSm9YbWNjaEhCLUFZbERsM2ZfaFNoQnBmN19XTUZYazZQLUVLTkt5NlZ1Z3ZOMnNqMjg3bHQ5Sk1kRTM3ZlRBT00tUVFlMnVJZ3c?oc=5
[MOPS] MOPS 重大訊息查詢頁（6285） → https://mops.twse.com.tw/mops/web/t05sr01_1?co_id=6285&b_date=1150401&e_date=1150518",5,1
3048,益登,TWSE,EP 情境轉折,10,56.1,65.7,414,收盤 56.1 元，前段漲幅 +65.7%，ADR 5.1%，日均成交 414M 台幣，量比 2.72x，今日跳空 +10.0%（EP 突破訊號），10MA>20MA>50MA 多頭排列,"【3048 益登 — EP 情境轉折】
收盤 56.1 元，前段漲幅 +65.7%，ADR 5.1%，日均成交 414M 台幣，量比 2.72x，今日跳空 +10.0%（EP 突破訊號），10MA>20MA>50MA 多頭排列

■ 媒體報導（Google News）
  • 益登(3048) 個股概覽 | 個股 - 股市 - CMoney
    益登(3048) 個股概覽 | 個股 - 股市&nbsp;&nbsp;CMoney
    https://news.google.com/rss/articles/CBMiU0FVX3lxTE13YzBtSEJkUFFMU0pWS2kzVTk4ZVpxZ3JKeGNyS05qS1NlTnhPMl9WT1pxU0l6V1VBZG1ZQlJ4ZlZuUHBLbWhWZHBFcTVHTlc3YU84?oc=5
  • 【09:05 即時新聞】益登(3048)攻上漲停56.1元，歷史高營收加持＋主力與三大法人同步強勢鎖碼 - CMoney投資網誌
    【09:05 即時新聞】益登(3048)攻上漲停56.1元，歷史高營收加持＋主力與三大法人同步強勢鎖碼&nbsp;&nbsp;CMoney投資網誌
    https://news.google.com/rss/articles/CBMijgFBVV95cUxPeE5CbG51NVdQN3p6QmlxMFF4WmQyd1BRUzVUSmt3akl3Y1lEa2Jsd090SzhvVXFkU0JSYVNrUE11YmVfSlhkNHQ5WGVVbDAzeGxHd2RfbGN2bmk1bXZQSWRoOFJzMU9nWGs2Q3RHSUlrenVqdHM0Q1hDZndUMVh1MDZvalJpTHJLTUpMcmJB?oc=5
  • 3048 益登- 明天站上50大關,我自己講的,隨便聽聽就好---股市爆料同學會 - CMoney
    3048 益登- 明天站上50大關,我自己講的,隨便聽聽就好---股市爆料同學會&nbsp;&nbsp;CMoney
    https://news.google.com/rss/articles/CBMiWEFVX3lxTE5qRDdhYlVrNm9lNzBOcnhfREFvMDBPLUw3VDZmZEtyY3NoRDZkeGVjVU14YkpjRjM2ci0tbmZ6MTZfSWk3REliYlVOS0pRal9UNk1jZXJmYUw?oc=5
  • 【10:33 即時新聞】益登(3048)亮燈漲停51元，營收與EPS同步創佳績＋外資與主力連日加碼推升多頭結構 - CMoney投資網誌
    【10:33 即時新聞】益登(3048)亮燈漲停51元，營收與EPS同步創佳績＋外資與主力連日加碼推升多頭結構&nbsp;&nbsp;CMoney投資網誌
    https://news.google.com/rss/articles/CBMijgFBVV95cUxNeS1kX21iRlRCdE81NVFtRTMwZFFmc3lYN2tJRFB3aWVwM1VFM0w2N3lBWXNuNVA1SmJ5Y1Fqd0hXMUdZNEE0MmhDX0Z0TE1qclQ5SFk5QjFLbXpqb0h2dTZHSDVkekNraFFmaFp6UDZ4eFlBaUd4Tk43VkNDamJFd1RrMGwyY3dHd1dPaFV3?oc=5
  • 3048 益登- 績優股，噴時讓你想不到-股市爆料同學會 - CMoney
    3048 益登- 績優股，噴時讓你想不到-股市爆料同學會&nbsp;&nbsp;CMoney
    https://news.google.com/rss/articles/CBMiWEFVX3lxTE5Veks3MlZuc1ZMV293ZHAzQWFxeTBDbmFDMEowbDBHTy1RSlN6ejZvcWItc2hDMEJLTy1tajYwbWhZZ0lpN01mSGxLWXV2ZUlEUXBWZ1pnblM?oc=5

■ 重大訊息公告（MOPS）
  • [2026-05-18] MOPS 重大訊息查詢頁（3048）
    https://mops.twse.com.tw/mops/web/t05sr01_1?co_id=3048&b_date=1150401&e_date=1150518
","[Google] 益登(3048) 個股概覽 | 個股 - 股市 - CMoney → https://news.google.com/rss/articles/CBMiU0FVX3lxTE13YzBtSEJkUFFMU0pWS2kzVTk4ZVpxZ3JKeGNyS05qS1NlTnhPMl9WT1pxU0l6V1VBZG1ZQlJ4ZlZuUHBLbWhWZHBFcTVHTlc3YU84?oc=5
[Google] 【09:05 即時新聞】益登(3048)攻上漲停56.1元，歷史高營收加持＋主力與三大法人同步強勢鎖碼 - CMoney投資網誌 → https://news.google.com/rss/articles/CBMijgFBVV95cUxPeE5CbG51NVdQN3p6QmlxMFF4WmQyd1BRUzVUSmt3akl3Y1lEa2Jsd090SzhvVXFkU0JSYVNrUE11YmVfSlhkNHQ5WGVVbDAzeGxHd2RfbGN2bmk1bXZQSWRoOFJzMU9nWGs2Q3RHSUlrenVqdHM0Q1hDZndUMVh1MDZvalJpTHJLTUpMcmJB?oc=5
[Google] 3048 益登- 明天站上50大關,我自己講的,隨便聽聽就好---股市爆料同學會 - CMoney → https://news.google.com/rss/articles/CBMiWEFVX3lxTE5qRDdhYlVrNm9lNzBOcnhfREFvMDBPLUw3VDZmZEtyY3NoRDZkeGVjVU14YkpjRjM2ci0tbmZ6MTZfSWk3REliYlVOS0pRal9UNk1jZXJmYUw?oc=5
[Google] 【10:33 即時新聞】益登(3048)亮燈漲停51元，營收與EPS同步創佳績＋外資與主力連日加碼推升多頭結構 - CMoney投資網誌 → https://news.google.com/rss/articles/CBMijgFBVV95cUxNeS1kX21iRlRCdE81NVFtRTMwZFFmc3lYN2tJRFB3aWVwM1VFM0w2N3lBWXNuNVA1SmJ5Y1Fqd0hXMUdZNEE0MmhDX0Z0TE1qclQ5SFk5QjFLbXpqb0h2dTZHSDVkekNraFFmaFp6UDZ4eFlBaUd4Tk43VkNDamJFd1RrMGwyY3dHd1dPaFV3?oc=5
[Google] 3048 益登- 績優股，噴時讓你想不到-股市爆料同學會 - CMoney → https://news.google.com/rss/articles/CBMiWEFVX3lxTE5Veks3MlZuc1ZMV293ZHAzQWFxeTBDbmFDMEowbDBHTy1RSlN6ejZvcWItc2hDMEJLTy1tajYwbWhZZ0lpN01mSGxLWXV2ZUlEUXBWZ1pnblM?oc=5
[MOPS] MOPS 重大訊息查詢頁（3048） → https://mops.twse.com.tw/mops/web/t05sr01_1?co_id=3048&b_date=1150401&e_date=1150518",5,1
3406,玉晶光,TWSE,EP 情境轉折,10,588.0,52.3,1206,收盤 588.0 元，前段漲幅 +52.3%，ADR 4.89%，日均成交 1206M 台幣，量比 3.51x，今日跳空 +5.0%（EP 突破訊號），10MA>20MA>50MA 多頭排列,"【3406 玉晶光 — EP 情境轉折】
收盤 588.0 元，前段漲幅 +52.3%，ADR 4.89%，日均成交 1206M 台幣，量比 3.51x，今日跳空 +5.0%（EP 突破訊號），10MA>20MA>50MA 多頭排列

■ 媒體報導（Google News）
  • 視覺感測需求由雲端轉向終端，大立光、玉晶光、亞光搶佔AI視覺硬體新商機｜股市話題｜豐雲學堂2026 年 05 月 - sinotrade.com.tw
    視覺感測需求由雲端轉向終端，大立光、玉晶光、亞光搶佔AI視覺硬體新商機｜股市話題｜豐雲學堂2026 年 05 月&nbsp;&nbsp;sinotrade.com.tw
    https://news.google.com/rss/articles/CBMinARBVV95cUxQSjhwRG5OUEJsaTdKSWhob0F0SzhRcVZnWDNySnJnangyWkYzRHBKTDJzV3FlOTlRVHljYmhCa0JnNG9SM1ExZHh3T0N1U1poOHpKd190dkliQXo0UGNrUnE1VFZSdzNuZ0JycERTMllEdllJTFZoTnhKNm5ZdDhZNzlqME5xdklFYU1jZDFZa0xwcEgzSGhRaEtjaHZiNmFRb2NKcFV3cWNQcVZEM3JFbTVDS3FjU3prTE1PRklxbEtHeGhaWVJQS3pqY19WUWFsa0JsdExuQ3VFXy1CTnpYTmdpSmZfTmd1VzBJZGNNS3hCbFZVeTkteGxEczFld2JTekxPUW92OFVlNkxFQUFFamZHc25rRlpONTlIOVNHWm9mb2RJTm9NWTFydmQ1VkM3LWcwWXpnZktYd0pBdVEtR252dW9SNGh3TzFLYnhLQ2JaTnFtWXBxcEs3YWF1YVhfRzgzVDd2c1ZEbkdoa0lRM1Y3bGJlbkxxdDA2dzQ4eVJ5QWl4M0xmU3NfVm04WkZfVVRVdDl1OTI1Rk1jUlE1M2NESjI4cWVaYXNmZl9CQ29xRkpZWHNOb2NNNzZMMlRUUDRTM1VFWkN1azVGSE13SzV3bXFVdlA2TVBwdERGQXFibnptWnZnQjFFenhGaXM3NXFFZUJrajlaZnRKWlp0emx0c21sWER4OExrejBIRmJEQkhEOGZVRDlZX0Q?oc=5
  • 玉晶光具成長性的績優股 - CMoney
    玉晶光具成長性的績優股&nbsp;&nbsp;CMoney
    https://news.google.com/rss/articles/CBMiWEFVX3lxTE5aZ2xXM2hlM3Q1RTNsWDROQklTNnhUTFc0elFBY1F2MGRsTmlNSnF5N0RRVmk4WEdwVGJnYXB5T3V5R2ZQQWFkeGEyWWlMeUhLTVQ5bFpfclo?oc=5
  • 3406 玉晶光- 哇嗚...-股市爆料同學會 - CMoney
    3406 玉晶光- 哇嗚...-股市爆料同學會&nbsp;&nbsp;CMoney
    https://news.google.com/rss/articles/CBMiWEFVX3lxTFBaY2F0emVPSmNCbFZHR244OFl4RnNEeTFnckpxT3c2U29pWlQzbWFSQW1JcVhDYlQzdjRROUp5WkZReEVOQ2lhTmJJdWFqa2pWRjdoWnNLLXE?oc=5
  • 3406 玉晶光- 矽光子！-股市爆料同學會 - CMoney
    3406 玉晶光- 矽光子！-股市爆料同學會&nbsp;&nbsp;CMoney
    https://news.google.com/rss/articles/CBMiWEFVX3lxTE93U1lHXzVzMXo1anNJNlRhbGhNeU9HbU5rbXZ5VDJjTDJiTUhwYTRRSTJMWVdRR0phcElyNXJYUkg4d1ZCR2xaM0owb21DVlFKcFdWYUpINjU?oc=5
  • 3406 玉晶光- 沒表現- 股市爆料同學會 - CMoney
    3406 玉晶光- 沒表現- 股市爆料同學會&nbsp;&nbsp;CMoney
    https://news.google.com/rss/articles/CBMiWEFVX3lxTE1qRUlnVmFjN1ZnN1JMSU9FTUFxSHg4cWpWOXNPN3JUdW9YSWhSYkdTMVJkTXZlSTVsYjVpRVlncVdlTnBSS005b1VDQ19WSWJ2UXdhWEs1cUE?oc=5

■ 重大訊息公告（MOPS）
  • [2026-05-18] MOPS 重大訊息查詢頁（3406）
    https://mops.twse.com.tw/mops/web/t05sr01_1?co_id=3406&b_date=1150401&e_date=1150518
","[Google] 視覺感測需求由雲端轉向終端，大立光、玉晶光、亞光搶佔AI視覺硬體新商機｜股市話題｜豐雲學堂2026 年 05 月 - sinotrade.com.tw → https://news.google.com/rss/articles/CBMinARBVV95cUxQSjhwRG5OUEJsaTdKSWhob0F0SzhRcVZnWDNySnJnangyWkYzRHBKTDJzV3FlOTlRVHljYmhCa0JnNG9SM1ExZHh3T0N1U1poOHpKd190dkliQXo0UGNrUnE1VFZSdzNuZ0JycERTMllEdllJTFZoTnhKNm5ZdDhZNzlqME5xdklFYU1jZDFZa0xwcEgzSGhRaEtjaHZiNmFRb2NKcFV3cWNQcVZEM3JFbTVDS3FjU3prTE1PRklxbEtHeGhaWVJQS3pqY19WUWFsa0JsdExuQ3VFXy1CTnpYTmdpSmZfTmd1VzBJZGNNS3hCbFZVeTkteGxEczFld2JTekxPUW92OFVlNkxFQUFFamZHc25rRlpONTlIOVNHWm9mb2RJTm9NWTFydmQ1VkM3LWcwWXpnZktYd0pBdVEtR252dW9SNGh3TzFLYnhLQ2JaTnFtWXBxcEs3YWF1YVhfRzgzVDd2c1ZEbkdoa0lRM1Y3bGJlbkxxdDA2dzQ4eVJ5QWl4M0xmU3NfVm04WkZfVVRVdDl1OTI1Rk1jUlE1M2NESjI4cWVaYXNmZl9CQ29xRkpZWHNOb2NNNzZMMlRUUDRTM1VFWkN1azVGSE13SzV3bXFVdlA2TVBwdERGQXFibnptWnZnQjFFenhGaXM3NXFFZUJrajlaZnRKWlp0emx0c21sWER4OExrejBIRmJEQkhEOGZVRDlZX0Q?oc=5
[Google] 玉晶光具成長性的績優股 - CMoney → https://news.google.com/rss/articles/CBMiWEFVX3lxTE5aZ2xXM2hlM3Q1RTNsWDROQklTNnhUTFc0elFBY1F2MGRsTmlNSnF5N0RRVmk4WEdwVGJnYXB5T3V5R2ZQQWFkeGEyWWlMeUhLTVQ5bFpfclo?oc=5
[Google] 3406 玉晶光- 哇嗚...-股市爆料同學會 - CMoney → https://news.google.com/rss/articles/CBMiWEFVX3lxTFBaY2F0emVPSmNCbFZHR244OFl4RnNEeTFnckpxT3c2U29pWlQzbWFSQW1JcVhDYlQzdjRROUp5WkZReEVOQ2lhTmJJdWFqa2pWRjdoWnNLLXE?oc=5
[Google] 3406 玉晶光- 矽光子！-股市爆料同學會 - CMoney → https://news.google.com/rss/articles/CBMiWEFVX3lxTE93U1lHXzVzMXo1anNJNlRhbGhNeU9HbU5rbXZ5VDJjTDJiTUhwYTRRSTJMWVdRR0phcElyNXJYUkg4d1ZCR2xaM0owb21DVlFKcFdWYUpINjU?oc=5
[Google] 3406 玉晶光- 沒表現- 股市爆料同學會 - CMoney → https://news.google.com/rss/articles/CBMiWEFVX3lxTE1qRUlnVmFjN1ZnN1JMSU9FTUFxSHg4cWpWOXNPN3JUdW9YSWhSYkdTMVJkTXZlSTVsYjVpRVlncVdlTnBSS005b1VDQ19WSWJ2UXdhWEs1cUE?oc=5
[MOPS] MOPS 重大訊息查詢頁（3406） → https://mops.twse.com.tw/mops/web/t05sr01_1?co_id=3406&b_date=1150401&e_date=1150518",5,1
6451,訊芯-KY,TWSE,強勢觀察,9,577.0,247.6,1855,收盤 577.0 元，前段漲幅 +247.6%，ADR 8.63%，日均成交 1855M 台幣，量比 1.65x，10MA>20MA>50MA 多頭排列,"【6451 訊芯-KY — 強勢觀察】
收盤 577.0 元，前段漲幅 +247.6%，ADR 8.63%，日均成交 1855M 台幣，量比 1.65x，10MA>20MA>50MA 多頭排列

■ 媒體報導（Google News）
  • Q1每股虧1.45元照噴！「封測大廠」挾CPO題材創新天價、週漲逾3成 外資回補破千張 - Yahoo股市
    Q1每股虧1.45元照噴！「封測大廠」挾CPO題材創新天價、週漲逾3成 外資回補破千張&nbsp;&nbsp;Yahoo股市
    https://news.google.com/rss/articles/CBMi6AJBVV95cUxQdndjc2Ryblp6WjdjQTZ0RTBrbTJMYW5uWEVtOW5ieHFCRWFDUGhsak5yQlNWQ3o0QkJTNXVhNzJoc3hGYXRwalB6LWUteGpZaEFKSlBVc3phMGxNang0VW02aHc2NWZ5cFotbDZUWjFiQnU3cExvcnhkT3RmaThudlhiaGRyZWU2cVJ3VkVmX3U0Y0prNXppQUxody1mTWhPWV9pcmxwLUI3RWl2M2c5eWZGWUhfOF9IVnNTTklNTmtHUF95RF9lMUNralVOdmFOcnpIVGtkdHFMS29sX0hNeDZyQ21GNHpCSVRFVEE0R0JtSFlnRTAxbG1XMWtEdEJDTlBSNXNTUk1JN2FTeTJiVnJsaUNKZkVTQnZoU1dEOXprQUpWRVNTbjFIbW9YN1ZFWl9jd3ZGOVN3bV9VaTR3VEhDSU9MWHVxSVM4dnNCdlZGYkV6bmJhSk15QUNVNGt4RF9hb1BNQ00?oc=5
  • 訊芯-KY(6451)- - 券商分點進出買賣統計-股市爆料同學會 - CMoney
    訊芯-KY(6451)- - 券商分點進出買賣統計-股市爆料同學會&nbsp;&nbsp;CMoney
    https://news.google.com/rss/articles/CBMiakFVX3lxTE4zWWlqbmFSUnhpaWQ5eVpJekt5RWhNZEJNT0lsaVZWdndVS0ZkZkJRSkxqUUNFdlROSWxxWUtFOUhuaFBKM3BpclVZazFyM0ZnUURia2JRM3pWZ1ZxSEU2czlLX3Q0anZDN2c?oc=5
  • 【10:30 即時新聞】訊芯-KY(6451)亮燈漲停525元，鴻海集團機器人與CPO題材點火＋外資回補帶動技術面高檔強勢整理 - CMoney投資網誌
    【10:30 即時新聞】訊芯-KY(6451)亮燈漲停525元，鴻海集團機器人與CPO題材點火＋外資回補帶動技術面高檔強勢整理&nbsp;&nbsp;CMoney投資網誌
    https://news.google.com/rss/articles/CBMijgFBVV95cUxOaDRhRW9pQnBiQ3JBb3o1azA5bml0RGhVd1ZLNXg1NW5mVlQwVjFBYXBMa2hJdTBmcFBnZ2JENWhuOXk3ak5rcl85TFM1T0M4S25yNklSSkhEOTlwTEpZV0VNT1p0UUR5WXpnTHJxQjR3bTQ3T001MGhKTjMwejBVeDkzMW81U3JNWXFnWUln?oc=5
  • 《半導體》注意股：訊芯-KY 近5日漲30.84% - 富聯網
    《半導體》注意股：訊芯-KY 近5日漲30.84%&nbsp;&nbsp;富聯網
    https://news.google.com/rss/articles/CBMiiAFBVV95cUxOZ2pERGtjUlIwWl9nYnBJTTdmblMtb0pkTnpkNDZsUU5rUVVkbU1GZ1YzUW9tYmRRT0ttODRWdWZWWnREMUc0UFczcVpBVS1QNmYwa0M5ZmxTcnpYSThfQVRuZUxpdjQ1a054QmFSTUhaVk1jcEFIU2ltQmduWHlVclVqamF1Wk9q?oc=5
  • 焦點股》訊芯-KY：CPO利多題材 亮燈漲停 - 自由財經
    焦點股》訊芯-KY：CPO利多題材 亮燈漲停&nbsp;&nbsp;自由財經
    https://news.google.com/rss/articles/CBMiX0FVX3lxTFBVWUFiTWp1a0JiVXhYRlN3WlFObVZLY29ucHpKazV6Wld0dWhuOE9jZ1pPXzRXVWtFVDNTdnFhdld2b1RJM3RsVjJ1Q1ZReGFZOXV6SHZDV1pJWC05YlBn0gFkQVVfeXFMUGV1TlBWYVZia2MzUmktT1VfYS1FR1NiWHRiRVFXYnI2TFZxVEU1dWg0aU12NDRBZWtLalRCUVlSRUUtckpjSDRmWDBmOV9WcGp3a2RSNHA2OEVUMERfY0NZWkJ6Ug?oc=5

■ 重大訊息公告（MOPS）
  • [2026-05-18] MOPS 重大訊息查詢頁（6451）
    https://mops.twse.com.tw/mops/web/t05sr01_1?co_id=6451&b_date=1150401&e_date=1150518
","[Google] Q1每股虧1.45元照噴！「封測大廠」挾CPO題材創新天價、週漲逾3成 外資回補破千張 - Yahoo股市 → https://news.google.com/rss/articles/CBMi6AJBVV95cUxQdndjc2Ryblp6WjdjQTZ0RTBrbTJMYW5uWEVtOW5ieHFCRWFDUGhsak5yQlNWQ3o0QkJTNXVhNzJoc3hGYXRwalB6LWUteGpZaEFKSlBVc3phMGxNang0VW02aHc2NWZ5cFotbDZUWjFiQnU3cExvcnhkT3RmaThudlhiaGRyZWU2cVJ3VkVmX3U0Y0prNXppQUxody1mTWhPWV9pcmxwLUI3RWl2M2c5eWZGWUhfOF9IVnNTTklNTmtHUF95RF9lMUNralVOdmFOcnpIVGtkdHFMS29sX0hNeDZyQ21GNHpCSVRFVEE0R0JtSFlnRTAxbG1XMWtEdEJDTlBSNXNTUk1JN2FTeTJiVnJsaUNKZkVTQnZoU1dEOXprQUpWRVNTbjFIbW9YN1ZFWl9jd3ZGOVN3bV9VaTR3VEhDSU9MWHVxSVM4dnNCdlZGYkV6bmJhSk15QUNVNGt4RF9hb1BNQ00?oc=5
[Google] 訊芯-KY(6451)- - 券商分點進出買賣統計-股市爆料同學會 - CMoney → https://news.google.com/rss/articles/CBMiakFVX3lxTE4zWWlqbmFSUnhpaWQ5eVpJekt5RWhNZEJNT0lsaVZWdndVS0ZkZkJRSkxqUUNFdlROSWxxWUtFOUhuaFBKM3BpclVZazFyM0ZnUURia2JRM3pWZ1ZxSEU2czlLX3Q0anZDN2c?oc=5
[Google] 【10:30 即時新聞】訊芯-KY(6451)亮燈漲停525元，鴻海集團機器人與CPO題材點火＋外資回補帶動技術面高檔強勢整理 - CMoney投資網誌 → https://news.google.com/rss/articles/CBMijgFBVV95cUxOaDRhRW9pQnBiQ3JBb3o1azA5bml0RGhVd1ZLNXg1NW5mVlQwVjFBYXBMa2hJdTBmcFBnZ2JENWhuOXk3ak5rcl85TFM1T0M4S25yNklSSkhEOTlwTEpZV0VNT1p0UUR5WXpnTHJxQjR3bTQ3T001MGhKTjMwejBVeDkzMW81U3JNWXFnWUln?oc=5
[Google] 《半導體》注意股：訊芯-KY 近5日漲30.84% - 富聯網 → https://news.google.com/rss/articles/CBMiiAFBVV95cUxOZ2pERGtjUlIwWl9nYnBJTTdmblMtb0pkTnpkNDZsUU5rUVVkbU1GZ1YzUW9tYmRRT0ttODRWdWZWWnREMUc0UFczcVpBVS1QNmYwa0M5ZmxTcnpYSThfQVRuZUxpdjQ1a054QmFSTUhaVk1jcEFIU2ltQmduWHlVclVqamF1Wk9q?oc=5
[Google] 焦點股》訊芯-KY：CPO利多題材 亮燈漲停 - 自由財經 → https://news.google.com/rss/articles/CBMiX0FVX3lxTFBVWUFiTWp1a0JiVXhYRlN3WlFObVZLY29ucHpKazV6Wld0dWhuOE9jZ1pPXzRXVWtFVDNTdnFhdld2b1RJM3RsVjJ1Q1ZReGFZOXV6SHZDV1pJWC05YlBn0gFkQVVfeXFMUGV1TlBWYVZia2MzUmktT1VfYS1FR1NiWHRiRVFXYnI2TFZxVEU1dWg0aU12NDRBZWtLalRCUVlSRUUtckpjSDRmWDBmOV9WcGp3a2RSNHA2OEVUMERfY0NZWkJ6Ug?oc=5
[MOPS] MOPS 重大訊息查詢頁（6451） → https://mops.twse.com.tw/mops/web/t05sr01_1?co_id=6451&b_date=1150401&e_date=1150518",5,1
3026,禾伸堂,TWSE,強勢觀察,9,327.0,223.8,2525,收盤 327.0 元，前段漲幅 +223.8%，ADR 8.53%，日均成交 2525M 台幣，量比 0.28x，10MA>20MA>50MA 多頭排列,"【3026 禾伸堂 — 強勢觀察】
收盤 327.0 元，前段漲幅 +223.8%，ADR 8.53%，日均成交 2525M 台幣，量比 0.28x，10MA>20MA>50MA 多頭排列

■ 媒體報導（Google News）
  • 禾伸堂(3026)- - 券商分點進出買賣統計-股市爆料同學會 - CMoney
    禾伸堂(3026)- - 券商分點進出買賣統計-股市爆料同學會&nbsp;&nbsp;CMoney
    https://news.google.com/rss/articles/CBMiakFVX3lxTE5jUEtVUDZZb1dUT2RlRnRvNHB4TlpkdHRDQWpvMEpqWE0yaDN3Z2tPZXliQWIwaHhCeU1YWnZLdjVWNm50a3J0MUdvUnRiLWNuMVFLenJmUzRLQjAxUnZsdmpWcDV1WkVyS1E?oc=5
  • 今日漲停股｜AI 實體鏈與被動元件雙龍抬頭，盟立、禾伸堂、聯詠領軍強攻0508｜豐雲學堂2026 年 05 月 - sinotrade.com.tw
    今日漲停股｜AI 實體鏈與被動元件雙龍抬頭，盟立、禾伸堂、聯詠領軍強攻0508｜豐雲學堂2026 年 05 月&nbsp;&nbsp;sinotrade.com.tw
    https://news.google.com/rss/articles/CBMi3ANBVV95cUxNc3B4VWEtMFp6cEVkMTF5cXJZNDJQZWRGa252UllOcG1ZNy13RWY3eGNvYVEyZWVJcEVMQ2plMjNEa050eDJTbjR1b2p0X0ZGTzRSdEZBMnlSbDhfSTlYQ19BQmttLTItMHdhcjBpYnZaMUh5cjBlNk50YUZ0eGREeFI4YldWbWdFLVdsdlYzU09rcW5fV0JEVjMyS1I4R05paGhkNm0wNmx4RTY5M2hKWlZmdl9LVmwwS3RfTy1tWHlKMlRkTDROY3pzMDEyZ29VYkdHaHcycVNmTFVUXzNMVVFvYkNUOE5mWll6aS03OUVURXJybjMyVHcweTJZektnWkVVX2J4Rk5CUGFtcEVDWTVTTVJrZHJMek5pd3N3WWxkcVlLLWhib0pJYVo5b3NuQlBKVWFlZ2VnTVhiT0ZDVjVWdHYxTFB3bDBBRG1QSUNuX0ZIU2c0MmpGWFB2cFpBRnpOd3F0bC1tNGNrZnNwUWN2OWFOeVhMczJYMHg4SzBWZTFxbDRHN2VlcHFVNEs2T2V1RmtRZldFMnJTZUNoc0hQY0YwYWd0bjU3UDFIV2d6dE1xdnFnVUgtWW5DdVEtZldKdkZYckpMb2RBNmM5NE1yb2lWUlhXWGJqUA?oc=5
  • 「10台股」抓去關新名單來了！ 一路處置至5/28 禾伸堂延長刑期 - Yahoo新聞
    「10台股」抓去關新名單來了！ 一路處置至5/28 禾伸堂延長刑期&nbsp;&nbsp;Yahoo新聞
    https://news.google.com/rss/articles/CBMi2wJBVV95cUxOaTFndzRDU09NWW1GRENQR3hYM2hxN0ZEVGdnWVVRWVczRzVwcC1kQU9BUXNGTkEzU2tMU19kNEU5VkdITDRBN3ZaSlpNNHdXSV9jdGtVT2llb1lDV1cxcWptdjJ3OERPSWFDUjhZQTBLSm1JYzhsSkNiaUdTRDc2RVV2Q1U0NFhVOWRVNUdqX3pMUWd4cDBuZU1xeTZHcDZqdUJ2ZGFtcm1wRjd5SlQ4WjVMR1dhVE5HUFNIUlhfN19wTDR4UUJia01rYmFuRzBhWWEwdjBEdkVDZEgtRkozMmRLQS0zVzYwWnlaVWttZ0sxREw1VGtWd2RxQzlnaEszYnQ4cHExaHZHVUNOUUR0dmtSMWsxaDhZNjNhOVVUQ1dpU2E4RE81LVZOTnd3QUNsMncySnUwckZMbHRuMjNHZDZEWXN2TS0waVNpQjdER0lTQm4tT3E4LWlOVQ?oc=5
  • 《台北股市》注意股：15日66檔國巨*、鴻勁、旺宏、智邦、禾伸堂等- 上市櫃 - 旺得富理財網
    《台北股市》注意股：15日66檔國巨*、鴻勁、旺宏、智邦、禾伸堂等- 上市櫃&nbsp;&nbsp;旺得富理財網
    https://news.google.com/rss/articles/CBMiakFVX3lxTFBIa1JLd0dHZGRsTW1reDFrYlVqN1d6V2k3M1ZwQzF3eHItMGRDeF9tVEVmTkhDby1IQlBtUWp5cDRFV1p1RGRCcnp4Z0VveGlIcEtBRGFTeFF1WlY0TkZOalVkSFVwenpIYkE?oc=5
  • 被動元件今日全族群爆發，國巨領軍、信昌電高壓MLCC訂單暴量成盤面焦點｜股市話題｜豐雲學堂2026 年 05 月 - sinotrade.com.tw
    被動元件今日全族群爆發，國巨領軍、信昌電高壓MLCC訂單暴量成盤面焦點｜股市話題｜豐雲學堂2026 年 05 月&nbsp;&nbsp;sinotrade.com.tw
    https://news.google.com/rss/articles/CBMikgRBVV95cUxQTVVEd253VTBpQk56cGdXWmlkRl9jZGt0RjJxeXRwYlEyMEY2cUtXcXRDWlBTbUUzeFJjTnk3ekstOW8tNE4yOEc1LWV1S0JrVEdrZ29HcmpsNENiUkJHcnZmYkk3Z0lhcldYa1ZuUnhxeVd0R0F3S3YtZnpTNmlseUhZeUpLQ0dNcVJwYm5yZG9BdkxiRnpDdEg5Um9uNm5YUTZJYm1jWjBtN2xvUkwxV2xoVmtoZXE3bEZwTHFtUW93UmJTVjRqNTVWWnZLQnF0VllyZTlJSG5SYnI3QUo1NGJQUFF3TkJ5Qmg0U3JqY2NJX1RILVJiQnQwSDRmemxFV1FXQW41QVZfUkdXZFBlSS1HVkFKYUI1YXdMQ3Y3WFNlbXFBanN4YWRldUlYVDhzQXMzZkNweUdSQVZCVTVpWTNxNVkwMjF3LTJPTW5IOUMza25Yb3FFMDY2ZHpMUGRFMktVNnF3VEgta1FjXzVvTUsyTGZQUUJpeXhtSGFsalljU0NvMkdobGYzQV9JTi00VEVuMzZIOUtUYTlrRm94ei05NDlxWWRyRGlOYnpqSlM3Y0J4YVJNXy1yVXVkUjVOYzk5bnJCOGV2Qlk1U2diaTZTbnA5eHNyUjRxNENuS0c1RkRKbVFMRVM5WFhPZmktd3JXWTYtY2ZCYU1sTUlIeVNUUzRrVmdwWVFzajFTdGhwUQ?oc=5

■ 重大訊息公告（MOPS）
  • [2026-05-18] MOPS 重大訊息查詢頁（3026）
    https://mops.twse.com.tw/mops/web/t05sr01_1?co_id=3026&b_date=1150401&e_date=1150518
","[Google] 禾伸堂(3026)- - 券商分點進出買賣統計-股市爆料同學會 - CMoney → https://news.google.com/rss/articles/CBMiakFVX3lxTE5jUEtVUDZZb1dUT2RlRnRvNHB4TlpkdHRDQWpvMEpqWE0yaDN3Z2tPZXliQWIwaHhCeU1YWnZLdjVWNm50a3J0MUdvUnRiLWNuMVFLenJmUzRLQjAxUnZsdmpWcDV1WkVyS1E?oc=5
[Google] 今日漲停股｜AI 實體鏈與被動元件雙龍抬頭，盟立、禾伸堂、聯詠領軍強攻0508｜豐雲學堂2026 年 05 月 - sinotrade.com.tw → https://news.google.com/rss/articles/CBMi3ANBVV95cUxNc3B4VWEtMFp6cEVkMTF5cXJZNDJQZWRGa252UllOcG1ZNy13RWY3eGNvYVEyZWVJcEVMQ2plMjNEa050eDJTbjR1b2p0X0ZGTzRSdEZBMnlSbDhfSTlYQ19BQmttLTItMHdhcjBpYnZaMUh5cjBlNk50YUZ0eGREeFI4YldWbWdFLVdsdlYzU09rcW5fV0JEVjMyS1I4R05paGhkNm0wNmx4RTY5M2hKWlZmdl9LVmwwS3RfTy1tWHlKMlRkTDROY3pzMDEyZ29VYkdHaHcycVNmTFVUXzNMVVFvYkNUOE5mWll6aS03OUVURXJybjMyVHcweTJZektnWkVVX2J4Rk5CUGFtcEVDWTVTTVJrZHJMek5pd3N3WWxkcVlLLWhib0pJYVo5b3NuQlBKVWFlZ2VnTVhiT0ZDVjVWdHYxTFB3bDBBRG1QSUNuX0ZIU2c0MmpGWFB2cFpBRnpOd3F0bC1tNGNrZnNwUWN2OWFOeVhMczJYMHg4SzBWZTFxbDRHN2VlcHFVNEs2T2V1RmtRZldFMnJTZUNoc0hQY0YwYWd0bjU3UDFIV2d6dE1xdnFnVUgtWW5DdVEtZldKdkZYckpMb2RBNmM5NE1yb2lWUlhXWGJqUA?oc=5
[Google] 「10台股」抓去關新名單來了！ 一路處置至5/28 禾伸堂延長刑期 - Yahoo新聞 → https://news.google.com/rss/articles/CBMi2wJBVV95cUxOaTFndzRDU09NWW1GRENQR3hYM2hxN0ZEVGdnWVVRWVczRzVwcC1kQU9BUXNGTkEzU2tMU19kNEU5VkdITDRBN3ZaSlpNNHdXSV9jdGtVT2llb1lDV1cxcWptdjJ3OERPSWFDUjhZQTBLSm1JYzhsSkNiaUdTRDc2RVV2Q1U0NFhVOWRVNUdqX3pMUWd4cDBuZU1xeTZHcDZqdUJ2ZGFtcm1wRjd5SlQ4WjVMR1dhVE5HUFNIUlhfN19wTDR4UUJia01rYmFuRzBhWWEwdjBEdkVDZEgtRkozMmRLQS0zVzYwWnlaVWttZ0sxREw1VGtWd2RxQzlnaEszYnQ4cHExaHZHVUNOUUR0dmtSMWsxaDhZNjNhOVVUQ1dpU2E4RE81LVZOTnd3QUNsMncySnUwckZMbHRuMjNHZDZEWXN2TS0waVNpQjdER0lTQm4tT3E4LWlOVQ?oc=5
[Google] 《台北股市》注意股：15日66檔國巨*、鴻勁、旺宏、智邦、禾伸堂等- 上市櫃 - 旺得富理財網 → https://news.google.com/rss/articles/CBMiakFVX3lxTFBIa1JLd0dHZGRsTW1reDFrYlVqN1d6V2k3M1ZwQzF3eHItMGRDeF9tVEVmTkhDby1IQlBtUWp5cDRFV1p1RGRCcnp4Z0VveGlIcEtBRGFTeFF1WlY0TkZOalVkSFVwenpIYkE?oc=5
[Google] 被動元件今日全族群爆發，國巨領軍、信昌電高壓MLCC訂單暴量成盤面焦點｜股市話題｜豐雲學堂2026 年 05 月 - sinotrade.com.tw → https://news.google.com/rss/articles/CBMikgRBVV95cUxQTVVEd253VTBpQk56cGdXWmlkRl9jZGt0RjJxeXRwYlEyMEY2cUtXcXRDWlBTbUUzeFJjTnk3ekstOW8tNE4yOEc1LWV1S0JrVEdrZ29HcmpsNENiUkJHcnZmYkk3Z0lhcldYa1ZuUnhxeVd0R0F3S3YtZnpTNmlseUhZeUpLQ0dNcVJwYm5yZG9BdkxiRnpDdEg5Um9uNm5YUTZJYm1jWjBtN2xvUkwxV2xoVmtoZXE3bEZwTHFtUW93UmJTVjRqNTVWWnZLQnF0VllyZTlJSG5SYnI3QUo1NGJQUFF3TkJ5Qmg0U3JqY2NJX1RILVJiQnQwSDRmemxFV1FXQW41QVZfUkdXZFBlSS1HVkFKYUI1YXdMQ3Y3WFNlbXFBanN4YWRldUlYVDhzQXMzZkNweUdSQVZCVTVpWTNxNVkwMjF3LTJPTW5IOUMza25Yb3FFMDY2ZHpMUGRFMktVNnF3VEgta1FjXzVvTUsyTGZQUUJpeXhtSGFsalljU0NvMkdobGYzQV9JTi00VEVuMzZIOUtUYTlrRm94ei05NDlxWWRyRGlOYnpqSlM3Y0J4YVJNXy1yVXVkUjVOYzk5bnJCOGV2Qlk1U2diaTZTbnA5eHNyUjRxNENuS0c1RkRKbVFMRVM5WFhPZmktd3JXWTYtY2ZCYU1sTUlIeVNUUzRrVmdwWVFzajFTdGhwUQ?oc=5
[MOPS] MOPS 重大訊息查詢頁（3026） → https://mops.twse.com.tw/mops/web/t05sr01_1?co_id=3026&b_date=1150401&e_date=1150518",5,1
6831,邁科,TWSE,強勢觀察,9,725.0,208.8,1160,收盤 725.0 元，前段漲幅 +208.8%，ADR 7.69%，日均成交 1160M 台幣，量比 0.38x，10MA>20MA>50MA 多頭排列,"【6831 邁科 — 強勢觀察】
收盤 725.0 元，前段漲幅 +208.8%，ADR 7.69%，日均成交 1160M 台幣，量比 0.38x，10MA>20MA>50MA 多頭排列

■ 媒體報導（Google News）
  • 邁科(6831)- - 券商分點進出買賣統計-股市爆料同學會 - CMoney
    邁科(6831)- - 券商分點進出買賣統計-股市爆料同學會&nbsp;&nbsp;CMoney
    https://news.google.com/rss/articles/CBMiakFVX3lxTE1PUGRrbXh5WWJiNzdhSGR3SEt0WnRvcWpoZnJ0dXZjSWtVUVp2eUFSbmdCcElZdGFrM0FNS0t6SXgwaXBKaWR0TE45LVBUQlkxZmN4U0E5Sjk1MlYtRUl2c2R0OWRFLU5TR3c?oc=5
  • 處置股名單 0515／今日新增 10 檔，華新科、邁科、振樺電、譜瑞-KY新入列，近期出關個股一文掌握｜股市話題 - sinotrade.com.tw
    處置股名單 0515／今日新增 10 檔，華新科、邁科、振樺電、譜瑞-KY新入列，近期出關個股一文掌握｜股市話題&nbsp;&nbsp;sinotrade.com.tw
    https://news.google.com/rss/articles/CBMi0gRBVV95cUxNSlFXcHpOczZ3T1RnNGVaa241TjEzTlVGRHh5TlE5cTJRYTJUTDA0NHZHSWZhZG9DaEVmdnNOeTRkQU1NU19fRVhXMHFHTDNwMTlUOUM3YngyMkFidnBhRDBja1ZQbGs1YWpRaW1ZZzFURnp1YjBwbkdNZnAwaHdJaDk1N0xLeG5pTHBhMDhwV2FFX013RE9pUFF2eDI0d1pSZlhNRi1tZzF6VHd1cTNnZTVYNHZsdUZnbnRnX0ZyRU9mV1RPTzE4TWJxYWtxcm9lYmNBOFdZd3ZTemZTc1VEbG5ST0RPdUFVVkhRSEVzUjBtbF9udEx0YnM1azBXcHdFSDlOaU5KVDhjX3FBd1ZKanIxdDVaNDk1UGRpWGI4eWdWWW8xdmlCUmtRUVJDeWZ2Rk9xdmVJV3EzOXlqNlh1R05JMTUxUHVpOFhSa1hKOWEwWXNObWdSMUlvNDlPTW1uLW5OVEVPSUtHY0E5ZWpuZUJrRFZ3UGo3NlV4LXhwMWk5YTZoQW8xc2gzSUdnLWhYZ09iTGtoZzViMlBjcWs2ZUFUVnpMdVZLY29lTjNTWmlMQUNpUEg2bnZpcmFGS1hlOENrTjBuNXFXVVUxYmZtZXctUWMxSlJjTEZBQ2ExOG9RU3lJNzBtdTg3NU8wU1ZicUlxTUo4cGxHQTJSVFZLdnUzT0FUYVdZZTB6d2lnWVBla0tzVzQ2RzZnRjR0UkxXSTJKaUZ6YzFHNndFWm02TXFKTlVKTk1Qdk5mRmJJQTROajhqbkd2OG9WRkwtOWR3Q3c?oc=5
  • 【即時新聞】這 3 檔科技股獲利估增逾40%！內部人重倉卡位，志聖(2467)與邁科(6831)迎爆發 - CMoney
    【即時新聞】這 3 檔科技股獲利估增逾40%！內部人重倉卡位，志聖(2467)與邁科(6831)迎爆發&nbsp;&nbsp;CMoney
    https://news.google.com/rss/articles/CBMiWEFVX3lxTFBYMmZtRkpndFNVcjJtMG9makRLOFhOQ1IyNmhxOFhWUWhTRGVDZWZ4XzB5eVg3N2E1VGpGRklFQ3V2bFkxRkFXRi1sbXZrb0lmVDVwQmNzN3M?oc=5
  • 邁科(6831)- - 券商分點進出買賣統計-股市爆料同學會 - CMoney
    邁科(6831)- - 券商分點進出買賣統計-股市爆料同學會&nbsp;&nbsp;CMoney
    https://news.google.com/rss/articles/CBMiakFVX3lxTE04cWZzZkJ0Y205cFhCeXNyc04xT25YYUxJMXRrS1BKRFNJZ1BwajEwZTZielVvYnNIcWZvc2cyMUFMN1Q0Y0lwXzNhb19IVmItTHdtazhIRDB6NDJfZGppalZlb1Q5MHpzYmc?oc=5
  • 6831 邁科- 股價相對高檔時，出現長下影線，是主力開始出貨的訊號！ 高檔吊...-股市爆料同學會 - CMoney
    6831 邁科- 股價相對高檔時，出現長下影線，是主力開始出貨的訊號！ 高檔吊...-股市爆料同學會&nbsp;&nbsp;CMoney
    https://news.google.com/rss/articles/CBMiWEFVX3lxTE16TVdqX1JpZjRVV2JLV2kzUjJCYmpzMENpTXgyTDAzNl9hdEt2WlFXdTFrV0huV05FcWVPNXNnS211N2dSSzI2YTFOZVR6MU1iYmxnM1o0Zy0?oc=5

■ 重大訊息公告（MOPS）
  • [2026-05-18] MOPS 重大訊息查詢頁（6831）
    https://mops.twse.com.tw/mops/web/t05sr01_1?co_id=6831&b_date=1150401&e_date=1150518
","[Google] 邁科(6831)- - 券商分點進出買賣統計-股市爆料同學會 - CMoney → https://news.google.com/rss/articles/CBMiakFVX3lxTE1PUGRrbXh5WWJiNzdhSGR3SEt0WnRvcWpoZnJ0dXZjSWtVUVp2eUFSbmdCcElZdGFrM0FNS0t6SXgwaXBKaWR0TE45LVBUQlkxZmN4U0E5Sjk1MlYtRUl2c2R0OWRFLU5TR3c?oc=5
[Google] 處置股名單 0515／今日新增 10 檔，華新科、邁科、振樺電、譜瑞-KY新入列，近期出關個股一文掌握｜股市話題 - sinotrade.com.tw → https://news.google.com/rss/articles/CBMi0gRBVV95cUxNSlFXcHpOczZ3T1RnNGVaa241TjEzTlVGRHh5TlE5cTJRYTJUTDA0NHZHSWZhZG9DaEVmdnNOeTRkQU1NU19fRVhXMHFHTDNwMTlUOUM3YngyMkFidnBhRDBja1ZQbGs1YWpRaW1ZZzFURnp1YjBwbkdNZnAwaHdJaDk1N0xLeG5pTHBhMDhwV2FFX013RE9pUFF2eDI0d1pSZlhNRi1tZzF6VHd1cTNnZTVYNHZsdUZnbnRnX0ZyRU9mV1RPTzE4TWJxYWtxcm9lYmNBOFdZd3ZTemZTc1VEbG5ST0RPdUFVVkhRSEVzUjBtbF9udEx0YnM1azBXcHdFSDlOaU5KVDhjX3FBd1ZKanIxdDVaNDk1UGRpWGI4eWdWWW8xdmlCUmtRUVJDeWZ2Rk9xdmVJV3EzOXlqNlh1R05JMTUxUHVpOFhSa1hKOWEwWXNObWdSMUlvNDlPTW1uLW5OVEVPSUtHY0E5ZWpuZUJrRFZ3UGo3NlV4LXhwMWk5YTZoQW8xc2gzSUdnLWhYZ09iTGtoZzViMlBjcWs2ZUFUVnpMdVZLY29lTjNTWmlMQUNpUEg2bnZpcmFGS1hlOENrTjBuNXFXVVUxYmZtZXctUWMxSlJjTEZBQ2ExOG9RU3lJNzBtdTg3NU8wU1ZicUlxTUo4cGxHQTJSVFZLdnUzT0FUYVdZZTB6d2lnWVBla0tzVzQ2RzZnRjR0UkxXSTJKaUZ6YzFHNndFWm02TXFKTlVKTk1Qdk5mRmJJQTROajhqbkd2OG9WRkwtOWR3Q3c?oc=5
[Google] 【即時新聞】這 3 檔科技股獲利估增逾40%！內部人重倉卡位，志聖(2467)與邁科(6831)迎爆發 - CMoney → https://news.google.com/rss/articles/CBMiWEFVX3lxTFBYMmZtRkpndFNVcjJtMG9makRLOFhOQ1IyNmhxOFhWUWhTRGVDZWZ4XzB5eVg3N2E1VGpGRklFQ3V2bFkxRkFXRi1sbXZrb0lmVDVwQmNzN3M?oc=5
[Google] 邁科(6831)- - 券商分點進出買賣統計-股市爆料同學會 - CMoney → https://news.google.com/rss/articles/CBMiakFVX3lxTE04cWZzZkJ0Y205cFhCeXNyc04xT25YYUxJMXRrS1BKRFNJZ1BwajEwZTZielVvYnNIcWZvc2cyMUFMN1Q0Y0lwXzNhb19IVmItTHdtazhIRDB6NDJfZGppalZlb1Q5MHpzYmc?oc=5
[Google] 6831 邁科- 股價相對高檔時，出現長下影線，是主力開始出貨的訊號！ 高檔吊...-股市爆料同學會 - CMoney → https://news.google.com/rss/articles/CBMiWEFVX3lxTE16TVdqX1JpZjRVV2JLV2kzUjJCYmpzMENpTXgyTDAzNl9hdEt2WlFXdTFrV0huV05FcWVPNXNnS211N2dSSzI2YTFOZVR6MU1iYmxnM1o0Zy0?oc=5
[MOPS] MOPS 重大訊息查詢頁（6831） → https://mops.twse.com.tw/mops/web/t05sr01_1?co_id=6831&b_date=1150401&e_date=1150518",5,1
3583,辛耘,TWSE,強勢觀察,9,888.0,193.1,2738,收盤 888.0 元，前段漲幅 +193.1%，ADR 7.88%，日均成交 2738M 台幣，量比 1.09x，10MA>20MA>50MA 多頭排列,"【3583 辛耘 — 強勢觀察】
收盤 888.0 元，前段漲幅 +193.1%，ADR 7.88%，日均成交 2738M 台幣，量比 1.09x，10MA>20MA>50MA 多頭排列

■ 媒體報導（Google News）
  • 辛耘(3583) 個股概覽 | 個股 - 股市 - CMoney
    辛耘(3583) 個股概覽 | 個股 - 股市&nbsp;&nbsp;CMoney
    https://news.google.com/rss/articles/CBMiU0FVX3lxTE1HZ3hZTnhsOS11Qlc1a2FjOGFnT1hTZVBHNFdjZmp2amlUY2c4a294clNUYi1qZWhTb3lBVjExVVpXSUoyUEpQTXdPN1p1bFFfeS1r?oc=5
  • 辛耘(3583)- - 券商分點進出買賣統計-股市爆料同學會 - CMoney
    辛耘(3583)- - 券商分點進出買賣統計-股市爆料同學會&nbsp;&nbsp;CMoney
    https://news.google.com/rss/articles/CBMiakFVX3lxTE9UdTEwTk1ob0NWOFJyR3R1Vm40c1l1M2ttVzhFd2k1dzBZSmVUSkJkOTlhLXN4OWp3RWp6eFpUejhyamEzamVZTHdjUmJlMHJPOWZpaFFmZGMzQUtNdWNEd1JEbDhveldmSnc?oc=5
  • 3583 辛耘- 辛耘概念股表現分歧-股市爆料同學會 - CMoney
    3583 辛耘- 辛耘概念股表現分歧-股市爆料同學會&nbsp;&nbsp;CMoney
    https://news.google.com/rss/articles/CBMiWEFVX3lxTE5TM2xST2lEQ2hyLTE0d3FIVklQYkVUelBrcWJnbVdveElhbmtSNGRUQU1KazBzYjFualVBMHJBV3R3dFFONzFrVUxpUzIyUHNWN0I3dUlwazc?oc=5
  • 3583 辛耘- 當股票漲得越來越高時，上漲或下跌的幅度就會越來越大，這也是我...-股市爆料同學會 - CMoney
    3583 辛耘- 當股票漲得越來越高時，上漲或下跌的幅度就會越來越大，這也是我...-股市爆料同學會&nbsp;&nbsp;CMoney
    https://news.google.com/rss/articles/CBMiWEFVX3lxTE5hMEl3V3FtNnlVeHpRbFp5LV94cC0xT1JHcVNtbnFsS1NXT0l2cDVRVUZhT0diSDNqaHBsQ3htQlk5WWFSU2VsWEZqSHNZak9SWVFDUTcyY2U?oc=5
  • 3583 辛耘- 會1000，保守750-股市爆料同學會 - CMoney
    3583 辛耘- 會1000，保守750-股市爆料同學會&nbsp;&nbsp;CMoney
    https://news.google.com/rss/articles/CBMiWEFVX3lxTE1IOXREVEd4YnV2UTNYUGxQSVpfMW1HVlU5ejY2Rkx3dWFPODB6VVY0MExoblZwR3N6V0haMHRmLWJlY29zT0NiY0l2Rkl0NEdqTzJkaGg4ZGM?oc=5

■ 重大訊息公告（MOPS）
  • [2026-05-18] MOPS 重大訊息查詢頁（3583）
    https://mops.twse.com.tw/mops/web/t05sr01_1?co_id=3583&b_date=1150401&e_date=1150518
","[Google] 辛耘(3583) 個股概覽 | 個股 - 股市 - CMoney → https://news.google.com/rss/articles/CBMiU0FVX3lxTE1HZ3hZTnhsOS11Qlc1a2FjOGFnT1hTZVBHNFdjZmp2amlUY2c4a294clNUYi1qZWhTb3lBVjExVVpXSUoyUEpQTXdPN1p1bFFfeS1r?oc=5
[Google] 辛耘(3583)- - 券商分點進出買賣統計-股市爆料同學會 - CMoney → https://news.google.com/rss/articles/CBMiakFVX3lxTE9UdTEwTk1ob0NWOFJyR3R1Vm40c1l1M2ttVzhFd2k1dzBZSmVUSkJkOTlhLXN4OWp3RWp6eFpUejhyamEzamVZTHdjUmJlMHJPOWZpaFFmZGMzQUtNdWNEd1JEbDhveldmSnc?oc=5
[Google] 3583 辛耘- 辛耘概念股表現分歧-股市爆料同學會 - CMoney → https://news.google.com/rss/articles/CBMiWEFVX3lxTE5TM2xST2lEQ2hyLTE0d3FIVklQYkVUelBrcWJnbVdveElhbmtSNGRUQU1KazBzYjFualVBMHJBV3R3dFFONzFrVUxpUzIyUHNWN0I3dUlwazc?oc=5
[Google] 3583 辛耘- 當股票漲得越來越高時，上漲或下跌的幅度就會越來越大，這也是我...-股市爆料同學會 - CMoney → https://news.google.com/rss/articles/CBMiWEFVX3lxTE5hMEl3V3FtNnlVeHpRbFp5LV94cC0xT1JHcVNtbnFsS1NXT0l2cDVRVUZhT0diSDNqaHBsQ3htQlk5WWFSU2VsWEZqSHNZak9SWVFDUTcyY2U?oc=5
[Google] 3583 辛耘- 會1000，保守750-股市爆料同學會 - CMoney → https://news.google.com/rss/articles/CBMiWEFVX3lxTE1IOXREVEd4YnV2UTNYUGxQSVpfMW1HVlU5ejY2Rkx3dWFPODB6VVY0MExoblZwR3N6V0haMHRmLWJlY29zT0NiY0l2Rkl0NEdqTzJkaGg4ZGM?oc=5
[MOPS] MOPS 重大訊息查詢頁（3583） → https://mops.twse.com.tw/mops/web/t05sr01_1?co_id=3583&b_date=1150401&e_date=1150518",5,1
6531,愛普*,TWSE,強勢觀察,9,1080.0,175.9,6136,收盤 1080.0 元，前段漲幅 +175.9%，ADR 8.7%，日均成交 6136M 台幣，量比 1.32x，10MA>20MA>50MA 多頭排列,"【6531 愛普* — 強勢觀察】
收盤 1080.0 元，前段漲幅 +175.9%，ADR 8.7%，日均成交 6136M 台幣，量比 1.32x，10MA>20MA>50MA 多頭排列

■ 媒體報導（Google News）
  • 愛普*（6531）做什麼、法說有何重點？2026年第一季EPS達4.15元，IoTRAM強勁需求推升營收年增115%，S-SiCap量產佈局加速啟動｜股市話題 - sinotrade.com.tw
    愛普*（6531）做什麼、法說有何重點？2026年第一季EPS達4.15元，IoTRAM強勁需求推升營收年增115%，S-SiCap量產佈局加速啟動｜股市話題&nbsp;&nbsp;sinotrade.com.tw
    https://news.google.com/rss/articles/CBMihgVBVV95cUxPbEx6SXVjQVJLdTZSQl9qNmMxMkhGdk1zMkJnbXM4QVFmUURZc0JKYzQ2eGZJb3pyR3R2aW5QVENfTElCc2xxRGpjWmd5M21pM2pqb3hYMU1KTDNiVkg0M1JhVUFwajg5c1VSaF9BVGoxVW5qUVBfcFZyeWVCVE9hYVcycGp3dlNzQXpjYm80OHFJUmVRSzVVRFp6VEUxVy11YXo0QTl5NFlsNHpNSXVTZFA5azRiVkQweExuNzhkZnJBajlfVHBEVjJONGU5Ul9hZU5HeDUyLUZOa3pRSXFQRGw3TDRZZlVwZS1xM2trV29oMC1MWDRoRHZ4UlBUWXBESm83M2JydFl1MHRnSkI5MnNmNEdPZVNvX2tYOGZWZ2l5aHMycUFUb3VHM0p0a0R6OG1Na09yWnplc1FKTHVjcmhLSzNYMk1jOEtSQkRjVlNGQ1ZWU2p3TS1XOGZIRTZaaGt5SG1wUXVfcDc2MDJ3cm50anQxVTQ2SVpCSGI4QnVfRDhzemQ3bnpzZmFPYmlyemktM08wVjZ0c1N1cEV2ZFlXdVJ2eGlIcFczRWNteGQwZ1puZGd6NjlNbnlCNGdSRzBMS2pHSFFHMDNPNUNmRmhvb2hNZXVaU2hON2pDNWlxY01jLVIybUVHc1VlNFBJbkdaWml1S280QWxlMWhPMXJ3cXZfa2ZYXzExV09mYUl1azhuZDRmR1JxeEpzM1gyMFRZWEwwWWNPbUpBRHQ4Vm5PQ08wc0ZiS0d0NUxfTG8tdS1UaDBPc2M5eGZ1blhmT21hSTE3cEx2cGtpSnVoZlJSVTRQMVBhUWt0cmxYdVd3VXpwYmJkN1N0MDRXRU1zaDZ5TWp3?oc=5
  • 愛普*(6531)- - 券商分點進出買賣統計-股市爆料同學會 - CMoney
    愛普*(6531)- - 券商分點進出買賣統計-股市爆料同學會&nbsp;&nbsp;CMoney
    https://news.google.com/rss/articles/CBMiakFVX3lxTE9sNS1NQUlqZDBfdmNyUTd2X25qd0NIand1UDRjMnp6UUZ0dFFHVkNCYVFsR1A2ZFRNbl9HN0xxM1VmMTd2QjBZdzFpS1ZtWUx5bmEtMEZ4RjNWN3RVQzU1NEpjVWVWa3BKZEE?oc=5
  • 6531 愛普* - W2W&D2W-股市爆料同學會 - CMoney
    6531 愛普* - W2W&D2W-股市爆料同學會&nbsp;&nbsp;CMoney
    https://news.google.com/rss/articles/CBMiWEFVX3lxTE9OZFJzMTl6YzJUYWhxdUZlRlNpbVBUSWVSWDlTNXgxVTVzYl9UbWRWRHVRRkNJZmRRM3Z4WkYxd3oyUk9VUlNBLXp1dF9pTGhlc3lqemlGckg?oc=5
  • 6531 愛普* - 留友看-股市爆料同學會 - CMoney
    6531 愛普* - 留友看-股市爆料同學會&nbsp;&nbsp;CMoney
    https://news.google.com/rss/articles/CBMiWEFVX3lxTE1LNERRZDNvT05pQ3p6dEtxOVJvR0YwSFJmUkR0WjVGb1I0OWlsLTBlTGgyandrTXdrcGRuc2lZVG04MDFrUUVITzJDbjVUcUhJMGNMVjcwc1E?oc=5
  • 6531 愛普* - 歷史會重演：香港上海匯豐-股市爆料同學會 - CMoney
    6531 愛普* - 歷史會重演：香港上海匯豐-股市爆料同學會&nbsp;&nbsp;CMoney
    https://news.google.com/rss/articles/CBMiWEFVX3lxTE9rVER4eTJ4Z3hndnRQbFhiWVozWkFPLURERkctT0JDNThGckxxLXlyNGczVDRMakJuVFM1Wm5IXzFPNVlLWk5rei1wM0d2X0tQcGtEcE9KcmM?oc=5

■ 重大訊息公告（MOPS）
  • [2026-05-18] MOPS 重大訊息查詢頁（6531）
    https://mops.twse.com.tw/mops/web/t05sr01_1?co_id=6531&b_date=1150401&e_date=1150518
","[Google] 愛普*（6531）做什麼、法說有何重點？2026年第一季EPS達4.15元，IoTRAM強勁需求推升營收年增115%，S-SiCap量產佈局加速啟動｜股市話題 - sinotrade.com.tw → https://news.google.com/rss/articles/CBMihgVBVV95cUxPbEx6SXVjQVJLdTZSQl9qNmMxMkhGdk1zMkJnbXM4QVFmUURZc0JKYzQ2eGZJb3pyR3R2aW5QVENfTElCc2xxRGpjWmd5M21pM2pqb3hYMU1KTDNiVkg0M1JhVUFwajg5c1VSaF9BVGoxVW5qUVBfcFZyeWVCVE9hYVcycGp3dlNzQXpjYm80OHFJUmVRSzVVRFp6VEUxVy11YXo0QTl5NFlsNHpNSXVTZFA5azRiVkQweExuNzhkZnJBajlfVHBEVjJONGU5Ul9hZU5HeDUyLUZOa3pRSXFQRGw3TDRZZlVwZS1xM2trV29oMC1MWDRoRHZ4UlBUWXBESm83M2JydFl1MHRnSkI5MnNmNEdPZVNvX2tYOGZWZ2l5aHMycUFUb3VHM0p0a0R6OG1Na09yWnplc1FKTHVjcmhLSzNYMk1jOEtSQkRjVlNGQ1ZWU2p3TS1XOGZIRTZaaGt5SG1wUXVfcDc2MDJ3cm50anQxVTQ2SVpCSGI4QnVfRDhzemQ3bnpzZmFPYmlyemktM08wVjZ0c1N1cEV2ZFlXdVJ2eGlIcFczRWNteGQwZ1puZGd6NjlNbnlCNGdSRzBMS2pHSFFHMDNPNUNmRmhvb2hNZXVaU2hON2pDNWlxY01jLVIybUVHc1VlNFBJbkdaWml1S280QWxlMWhPMXJ3cXZfa2ZYXzExV09mYUl1azhuZDRmR1JxeEpzM1gyMFRZWEwwWWNPbUpBRHQ4Vm5PQ08wc0ZiS0d0NUxfTG8tdS1UaDBPc2M5eGZ1blhmT21hSTE3cEx2cGtpSnVoZlJSVTRQMVBhUWt0cmxYdVd3VXpwYmJkN1N0MDRXRU1zaDZ5TWp3?oc=5
[Google] 愛普*(6531)- - 券商分點進出買賣統計-股市爆料同學會 - CMoney → https://news.google.com/rss/articles/CBMiakFVX3lxTE9sNS1NQUlqZDBfdmNyUTd2X25qd0NIand1UDRjMnp6UUZ0dFFHVkNCYVFsR1A2ZFRNbl9HN0xxM1VmMTd2QjBZdzFpS1ZtWUx5bmEtMEZ4RjNWN3RVQzU1NEpjVWVWa3BKZEE?oc=5
[Google] 6531 愛普* - W2W&D2W-股市爆料同學會 - CMoney → https://news.google.com/rss/articles/CBMiWEFVX3lxTE9OZFJzMTl6YzJUYWhxdUZlRlNpbVBUSWVSWDlTNXgxVTVzYl9UbWRWRHVRRkNJZmRRM3Z4WkYxd3oyUk9VUlNBLXp1dF9pTGhlc3lqemlGckg?oc=5
[Google] 6531 愛普* - 留友看-股市爆料同學會 - CMoney → https://news.google.com/rss/articles/CBMiWEFVX3lxTE1LNERRZDNvT05pQ3p6dEtxOVJvR0YwSFJmUkR0WjVGb1I0OWlsLTBlTGgyandrTXdrcGRuc2lZVG04MDFrUUVITzJDbjVUcUhJMGNMVjcwc1E?oc=5
[Google] 6531 愛普* - 歷史會重演：香港上海匯豐-股市爆料同學會 - CMoney → https://news.google.com/rss/articles/CBMiWEFVX3lxTE9rVER4eTJ4Z3hndnRQbFhiWVozWkFPLURERkctT0JDNThGckxxLXlyNGczVDRMakJuVFM1Wm5IXzFPNVlLWk5rei1wM0d2X0tQcGtEcE9KcmM?oc=5
[MOPS] MOPS 重大訊息查詢頁（6531） → https://mops.twse.com.tw/mops/web/t05sr01_1?co_id=6531&b_date=1150401&e_date=1150518",5,1
4958,臻鼎-KY,TWSE,VCP 整理完成,9,401.0,154.6,23456,收盤 401.0 元，前段漲幅 +154.6%，ADR 7.98%，日均成交 23456M 台幣，量比 0.84x，VCP 整理型態完成，等候突破,"【4958 臻鼎-KY — VCP 整理完成】
收盤 401.0 元，前段漲幅 +154.6%，ADR 7.98%，日均成交 23456M 台幣，量比 0.84x，VCP 整理型態完成，等候突破

■ 媒體報導（Google News）
  • 5/17臻鼎-KY - CMoney
    5/17臻鼎-KY&nbsp;&nbsp;CMoney
    https://news.google.com/rss/articles/CBMiWEFVX3lxTE9EMkl6b3Q0d1lPQk9pUnFNdGRQMkdVOGRTc0NKVGZYQW05MkxmSERiUVFPZ2JRWVl3SnJWc1BnNlNaLXlYSTVBOTE4TlFYdEwwZm0ySHF2MXE?oc=5
  • 臻鼎-KY(4958)做什麼的？股價157→310元為何一路漲？現在可以買？股海老牛曝甜甜價：拉回「這條線」閉眼撿 - 今周刊
    臻鼎-KY(4958)做什麼的？股價157→310元為何一路漲？現在可以買？股海老牛曝甜甜價：拉回「這條線」閉眼撿&nbsp;&nbsp;今周刊
    https://news.google.com/rss/articles/CBMigAFBVV95cUxNS0pZaldoVzk3eXQ5NlhtcG96cDM2MEVrNTl5eFJnQnY5LWZPVVFWOE1vZzdPRHQza0tITjFEY3pzdDFpdGNxV1hQZkx2TnJyeVROZG1rUUg5ME9zaUJxUGV6LWo4SWpreW1qbmRqck9XZ09Zald4QXZoV1hJUDM0LQ?oc=5
  • 4958 臻鼎-KY - 今天為什麼跌？？我來告訴你-股市爆料同學會 - CMoney
    4958 臻鼎-KY - 今天為什麼跌？？我來告訴你-股市爆料同學會&nbsp;&nbsp;CMoney
    https://news.google.com/rss/articles/CBMiWEFVX3lxTE9LVXh6TkNYX0FMYzFlRHpMODM4RXVxZjJDQzhNbWZzMWxlRkxhTWhWQU1NMTJvcmU3aVhtRXZxTWFhSTlSZWx0VjRFeG42dUZrV1lQQ0xlbEY?oc=5
  • 05/05台股交易回顧｜臻鼎-KY(4958)漲勢驚人-林恩如 - CMoney投資網誌
    05/05台股交易回顧｜臻鼎-KY(4958)漲勢驚人-林恩如&nbsp;&nbsp;CMoney投資網誌
    https://news.google.com/rss/articles/CBMif0FVX3lxTFB1RUVCaGxwU3R1QWVQbVZDRHY2NFVJUXlSVDhlUjBsTVJHM1ZLNy03U3VsUkNJSDJvZGtuMXNlXzZsWVkzbFdZV1c5by0xR19Ca1ByRnVEaVBEZFVSTXNubW1IZkFLMTFMNG1zRVdpRy1seF9UTXFmaU9XSGhPVmM?oc=5
  • 4958 臻鼎-KY - 臻鼎-股市爆料同學會 - CMoney
    4958 臻鼎-KY - 臻鼎-股市爆料同學會&nbsp;&nbsp;CMoney
    https://news.google.com/rss/articles/CBMiWEFVX3lxTE1wbkxfOXRaY3phUDN1V0xkQWc2TkhCUHMwVkhSWVc3U0tzdXhneUc0dExOYnFZM1YxNFJQR1VJVVF6LVNST3BRQmVtM0lzVEZCVkREb0xCSWQ?oc=5

■ 重大訊息公告（MOPS）
  • [2026-05-18] MOPS 重大訊息查詢頁（4958）
    https://mops.twse.com.tw/mops/web/t05sr01_1?co_id=4958&b_date=1150401&e_date=1150518
","[Google] 5/17臻鼎-KY - CMoney → https://news.google.com/rss/articles/CBMiWEFVX3lxTE9EMkl6b3Q0d1lPQk9pUnFNdGRQMkdVOGRTc0NKVGZYQW05MkxmSERiUVFPZ2JRWVl3SnJWc1BnNlNaLXlYSTVBOTE4TlFYdEwwZm0ySHF2MXE?oc=5
[Google] 臻鼎-KY(4958)做什麼的？股價157→310元為何一路漲？現在可以買？股海老牛曝甜甜價：拉回「這條線」閉眼撿 - 今周刊 → https://news.google.com/rss/articles/CBMigAFBVV95cUxNS0pZaldoVzk3eXQ5NlhtcG96cDM2MEVrNTl5eFJnQnY5LWZPVVFWOE1vZzdPRHQza0tITjFEY3pzdDFpdGNxV1hQZkx2TnJyeVROZG1rUUg5ME9zaUJxUGV6LWo4SWpreW1qbmRqck9XZ09Zald4QXZoV1hJUDM0LQ?oc=5
[Google] 4958 臻鼎-KY - 今天為什麼跌？？我來告訴你-股市爆料同學會 - CMoney → https://news.google.com/rss/articles/CBMiWEFVX3lxTE9LVXh6TkNYX0FMYzFlRHpMODM4RXVxZjJDQzhNbWZzMWxlRkxhTWhWQU1NMTJvcmU3aVhtRXZxTWFhSTlSZWx0VjRFeG42dUZrV1lQQ0xlbEY?oc=5
[Google] 05/05台股交易回顧｜臻鼎-KY(4958)漲勢驚人-林恩如 - CMoney投資網誌 → https://news.google.com/rss/articles/CBMif0FVX3lxTFB1RUVCaGxwU3R1QWVQbVZDRHY2NFVJUXlSVDhlUjBsTVJHM1ZLNy03U3VsUkNJSDJvZGtuMXNlXzZsWVkzbFdZV1c5by0xR19Ca1ByRnVEaVBEZFVSTXNubW1IZkFLMTFMNG1zRVdpRy1seF9UTXFmaU9XSGhPVmM?oc=5
[Google] 4958 臻鼎-KY - 臻鼎-股市爆料同學會 - CMoney → https://news.google.com/rss/articles/CBMiWEFVX3lxTE1wbkxfOXRaY3phUDN1V0xkQWc2TkhCUHMwVkhSWVc3U0tzdXhneUc0dExOYnFZM1YxNFJQR1VJVVF6LVNST3BRQmVtM0lzVEZCVkREb0xCSWQ?oc=5
[MOPS] MOPS 重大訊息查詢頁（4958） → https://mops.twse.com.tw/mops/web/t05sr01_1?co_id=4958&b_date=1150401&e_date=1150518",5,1
2360,致茂,TWSE,VCP 整理完成,9,2240.0,141.4,9588,收盤 2240.0 元，前段漲幅 +141.4%，ADR 6.84%，日均成交 9588M 台幣，量比 0.7x，VCP 整理型態完成，等候突破,"【2360 致茂 — VCP 整理完成】
收盤 2240.0 元，前段漲幅 +141.4%，ADR 6.84%，日均成交 9588M 台幣，量比 0.7x，VCP 整理型態完成，等候突破

■ 媒體報導（Google News）
  • 股價飆漲91%！這妖股「1月淨損0.24億」拔5漲停 致茂跳漲548元遭打入處置 - Yahoo股市
    股價飆漲91%！這妖股「1月淨損0.24億」拔5漲停 致茂跳漲548元遭打入處置&nbsp;&nbsp;Yahoo股市
    https://news.google.com/rss/articles/CBMikgJBVV95cUxPRWRJYm1vV2NMeUZXa0lWdkhTTHNFN1ZKamRyaVNEemZNaHlNRmRtZTNsaE1hZlZDQVRjQzVoaFBHN1RORHZYSy1rTV9fYzZEN3BHVGluWGZoUTJNa0YxTjhFc05tdFJMaEFZbzE0cmJKWHNxZG1ROGlXd1F3Sll4WEVjTUFjb1dhOG9jQTlBMklhemlBdmZTWm9oWEhSdDZmSVFrMlFXUEFESjl4dk1wVkU3UXI5TVBNNUt3bUVWUlhQWUdhZldrbEZ0UWotUlBoNkZDZkR6QTBiT1kyVUNHMkdPbFZQcjJVUGNJeXBYWWc4WkF5M18wdFdscjZTaDM4eG9LdzhaQ1Zmb2tYQWVyLW5R?oc=5
  • 2360 致茂- 【即時新聞】致茂今日強勢亮燈漲停收盤！台股狂飆1342點帶動千金股展現爆發力｜CMoney 股市爆料同學會 - CMoney
    2360 致茂- 【即時新聞】致茂今日強勢亮燈漲停收盤！台股狂飆1342點帶動千金股展現爆發力｜CMoney 股市爆料同學會&nbsp;&nbsp;CMoney
    https://news.google.com/rss/articles/CBMiWEFVX3lxTE9yUDFfcXpEY0dQWmp2by1DYVRVdklId2FYTmoxQ0xYTjRlRVZhcndqZ0hRSXJ1STdrYzBPaHZaaC1vanJ3WUNjZUlOblVCTWNNM3Axc3R4MnY?oc=5
  • 致茂還能買嗎？這價位是關鍵 美國製造又+1 - moneyweekly.com.tw
    致茂還能買嗎？這價位是關鍵 美國製造又+1&nbsp;&nbsp;moneyweekly.com.tw
    https://news.google.com/rss/articles/CBMib0FVX3lxTE9IcWdVTFo1dExYY2I2T0V1cm9sR3IzQm9wME5BaWY1WV9iM0p3SmpmZzFUc1VVcElJdGYyTWZsNm84ZlBhSnpVZUxKSkY0WG5qOWFvd1E5M2ptU2Q2UlpXVHpucHpqQWFkNldtSDNJOA?oc=5
  • 股王信驊飆13800元天價　千金股致茂亮燈漲停創新高 - ETtoday財經雲
    股王信驊飆13800元天價 千金股致茂亮燈漲停創新高&nbsp;&nbsp;ETtoday財經雲
    https://news.google.com/rss/articles/CBMiUkFVX3lxTE5zbTQ1T1NDaUFRdEFHbm4zb2dQMGdaT0lyejdHN050UUF6cGsyc3B4Wkt3NHRzMF9oalR0WTJPWU5OOEwwTF8zSTNLMTNHeVJxT2fSAW5BVV95cUxPSVI0RUloSGNISXE2cFNzYmZLU05MN3pNLTNhOFRyUVRFWVhtNFF5aS1WcUdDeERHLXZBdlFvcW1XaGV6RzBBTUlWZlJDWmFpamRTZGMzMm9PdXVZWm1TaFdwR255NEwtd3VrRDZXQQ?oc=5
  • 飆股幕後》AI設備測試需求暴增 致茂半年漲1.9倍 - 自由財經
    飆股幕後》AI設備測試需求暴增 致茂半年漲1.9倍&nbsp;&nbsp;自由財經
    https://news.google.com/rss/articles/CBMiVkFVX3lxTE1KMWNybnB5RE1KbVhKTmotRUhmaWpJOU1WUmwwTUZKaXRGbjhpUkhERDVCZFNXS21XNzVJazlpLThpc0Z2Z28zSnVnNWVCeVZDUUdGd1hn0gFbQVVfeXFMTl9rQVpuZHE4dzlDOTZzYWxsTXNyaTh1ckNzWmhXbV9qZDBYTDBMTE0weFctWDFHMzRpeUxqVEFGd3BfWE1sLVdqYWRqbFZ6UUkzamF0czdmUDZLTQ?oc=5

■ 重大訊息公告（MOPS）
  • [2026-05-18] MOPS 重大訊息查詢頁（2360）
    https://mops.twse.com.tw/mops/web/t05sr01_1?co_id=2360&b_date=1150401&e_date=1150518
","[Google] 股價飆漲91%！這妖股「1月淨損0.24億」拔5漲停 致茂跳漲548元遭打入處置 - Yahoo股市 → https://news.google.com/rss/articles/CBMikgJBVV95cUxPRWRJYm1vV2NMeUZXa0lWdkhTTHNFN1ZKamRyaVNEemZNaHlNRmRtZTNsaE1hZlZDQVRjQzVoaFBHN1RORHZYSy1rTV9fYzZEN3BHVGluWGZoUTJNa0YxTjhFc05tdFJMaEFZbzE0cmJKWHNxZG1ROGlXd1F3Sll4WEVjTUFjb1dhOG9jQTlBMklhemlBdmZTWm9oWEhSdDZmSVFrMlFXUEFESjl4dk1wVkU3UXI5TVBNNUt3bUVWUlhQWUdhZldrbEZ0UWotUlBoNkZDZkR6QTBiT1kyVUNHMkdPbFZQcjJVUGNJeXBYWWc4WkF5M18wdFdscjZTaDM4eG9LdzhaQ1Zmb2tYQWVyLW5R?oc=5
[Google] 2360 致茂- 【即時新聞】致茂今日強勢亮燈漲停收盤！台股狂飆1342點帶動千金股展現爆發力｜CMoney 股市爆料同學會 - CMoney → https://news.google.com/rss/articles/CBMiWEFVX3lxTE9yUDFfcXpEY0dQWmp2by1DYVRVdklId2FYTmoxQ0xYTjRlRVZhcndqZ0hRSXJ1STdrYzBPaHZaaC1vanJ3WUNjZUlOblVCTWNNM3Axc3R4MnY?oc=5
[Google] 致茂還能買嗎？這價位是關鍵 美國製造又+1 - moneyweekly.com.tw → https://news.google.com/rss/articles/CBMib0FVX3lxTE9IcWdVTFo1dExYY2I2T0V1cm9sR3IzQm9wME5BaWY1WV9iM0p3SmpmZzFUc1VVcElJdGYyTWZsNm84ZlBhSnpVZUxKSkY0WG5qOWFvd1E5M2ptU2Q2UlpXVHpucHpqQWFkNldtSDNJOA?oc=5
[Google] 股王信驊飆13800元天價　千金股致茂亮燈漲停創新高 - ETtoday財經雲 → https://news.google.com/rss/articles/CBMiUkFVX3lxTE5zbTQ1T1NDaUFRdEFHbm4zb2dQMGdaT0lyejdHN050UUF6cGsyc3B4Wkt3NHRzMF9oalR0WTJPWU5OOEwwTF8zSTNLMTNHeVJxT2fSAW5BVV95cUxPSVI0RUloSGNISXE2cFNzYmZLU05MN3pNLTNhOFRyUVRFWVhtNFF5aS1WcUdDeERHLXZBdlFvcW1XaGV6RzBBTUlWZlJDWmFpamRTZGMzMm9PdXVZWm1TaFdwR255NEwtd3VrRDZXQQ?oc=5
[Google] 飆股幕後》AI設備測試需求暴增 致茂半年漲1.9倍 - 自由財經 → https://news.google.com/rss/articles/CBMiVkFVX3lxTE1KMWNybnB5RE1KbVhKTmotRUhmaWpJOU1WUmwwTUZKaXRGbjhpUkhERDVCZFNXS21XNzVJazlpLThpc0Z2Z28zSnVnNWVCeVZDUUdGd1hn0gFbQVVfeXFMTl9rQVpuZHE4dzlDOTZzYWxsTXNyaTh1ckNzWmhXbV9qZDBYTDBMTE0weFctWDFHMzRpeUxqVEFGd3BfWE1sLVdqYWRqbFZ6UUkzamF0czdmUDZLTQ?oc=5
[MOPS] MOPS 重大訊息查詢頁（2360） → https://mops.twse.com.tw/mops/web/t05sr01_1?co_id=2360&b_date=1150401&e_date=1150518",5,1
8021,尖點,TWSE,強勢觀察,9,441.5,131.8,1987,收盤 441.5 元，前段漲幅 +131.8%，ADR 6.17%，日均成交 1987M 台幣，量比 2.33x，10MA>20MA>50MA 多頭排列,"【8021 尖點 — 強勢觀察】
收盤 441.5 元，前段漲幅 +131.8%，ADR 6.17%，日均成交 1987M 台幣，量比 2.33x，10MA>20MA>50MA 多頭排列

■ 媒體報導（Google News）
  • 尖點(8021)- - 券商分點進出買賣統計-股市爆料同學會 - CMoney
    尖點(8021)- - 券商分點進出買賣統計-股市爆料同學會&nbsp;&nbsp;CMoney
    https://news.google.com/rss/articles/CBMiakFVX3lxTE0tY2ZXVDJJcWYya1VFUmxHSkFEMFZDSlJsOUZaV1JaVTk4eXBGdjlMZWZWNEJWdUxpNlFJVTJXVEJ4TmZ0MnJ3SG9kV1lVSTR6bGpsenBqQXBVSHBHOG5tclc1ZlR6R3JkRUE?oc=5
  • 尖點(8021)Q1獲利大爆發，為何卻跌停？EPS 1.17元年增225%，AI鑽針利多出盡了嗎？ | 下班經濟學 | 財經 - 風傳媒
    尖點(8021)Q1獲利大爆發，為何卻跌停？EPS 1.17元年增225%，AI鑽針利多出盡了嗎？ | 下班經濟學 | 財經&nbsp;&nbsp;風傳媒
    https://news.google.com/rss/articles/CBMiTkFVX3lxTE5WZ3FzaWdDLU4xTTIzUzk3RnhDRXljcUFSWDQwRHRzTzJmWEpuam9WZU9PbXNlSTRkcXgtZ0RDMjllQ2t1V2NYbmVvXzc4Zw?oc=5
  • 同樣是4月營收報喜，為何股價兩樣情？金居、尖點、富喬還能追？杜金龍首選這檔，上看「5字頭」 - 優分析UAnalyze
    同樣是4月營收報喜，為何股價兩樣情？金居、尖點、富喬還能追？杜金龍首選這檔，上看「5字頭」&nbsp;&nbsp;優分析UAnalyze
    https://news.google.com/rss/articles/CBMiVkFVX3lxTFBqOFVoNGpJQ3NWeDRud005RG5ncEtuR1RseVFPR3RjdXZjTE4zeVM4eTJMbl94cGVMbU9iVmFITkJxZHVzRFM5U3Y1Y0JyQmgyY3VkRWNn?oc=5
  • 尖點(8021)- - 券商分點進出買賣統計-股市爆料同學會 - CMoney
    尖點(8021)- - 券商分點進出買賣統計-股市爆料同學會&nbsp;&nbsp;CMoney
    https://news.google.com/rss/articles/CBMiakFVX3lxTE1oUGJjSVkxQmJWOUgyTTNyV0tYTm9sVllLUmlFeFJyQzZlMVhkbEtyTlFrVURDc0tVdjNpTjZRWnQ4ZHN6UUllYUJZZWtsWURmaFRxckdiWUtTQ0VFTVdHcjgyTTI1U09YRWc?oc=5
  • 8021 尖點- 尖點法說-股市爆料同學會 - CMoney
    8021 尖點- 尖點法說-股市爆料同學會&nbsp;&nbsp;CMoney
    https://news.google.com/rss/articles/CBMiWEFVX3lxTE1iVV9taXprLUhLU01Sa1R3eFBxby1wWEVUNEN2eFl2X2oxNElkUXFJU2tWYklsazdXLVY1ZUs3bXMxM0Nra0hJbDRnSEE5UUxqYkpyRWFLZDg?oc=5

■ 重大訊息公告（MOPS）
  • [2026-05-18] MOPS 重大訊息查詢頁（8021）
    https://mops.twse.com.tw/mops/web/t05sr01_1?co_id=8021&b_date=1150401&e_date=1150518
","[Google] 尖點(8021)- - 券商分點進出買賣統計-股市爆料同學會 - CMoney → https://news.google.com/rss/articles/CBMiakFVX3lxTE0tY2ZXVDJJcWYya1VFUmxHSkFEMFZDSlJsOUZaV1JaVTk4eXBGdjlMZWZWNEJWdUxpNlFJVTJXVEJ4TmZ0MnJ3SG9kV1lVSTR6bGpsenBqQXBVSHBHOG5tclc1ZlR6R3JkRUE?oc=5
[Google] 尖點(8021)Q1獲利大爆發，為何卻跌停？EPS 1.17元年增225%，AI鑽針利多出盡了嗎？ | 下班經濟學 | 財經 - 風傳媒 → https://news.google.com/rss/articles/CBMiTkFVX3lxTE5WZ3FzaWdDLU4xTTIzUzk3RnhDRXljcUFSWDQwRHRzTzJmWEpuam9WZU9PbXNlSTRkcXgtZ0RDMjllQ2t1V2NYbmVvXzc4Zw?oc=5
[Google] 同樣是4月營收報喜，為何股價兩樣情？金居、尖點、富喬還能追？杜金龍首選這檔，上看「5字頭」 - 優分析UAnalyze → https://news.google.com/rss/articles/CBMiVkFVX3lxTFBqOFVoNGpJQ3NWeDRud005RG5ncEtuR1RseVFPR3RjdXZjTE4zeVM4eTJMbl94cGVMbU9iVmFITkJxZHVzRFM5U3Y1Y0JyQmgyY3VkRWNn?oc=5
[Google] 尖點(8021)- - 券商分點進出買賣統計-股市爆料同學會 - CMoney → https://news.google.com/rss/articles/CBMiakFVX3lxTE1oUGJjSVkxQmJWOUgyTTNyV0tYTm9sVllLUmlFeFJyQzZlMVhkbEtyTlFrVURDc0tVdjNpTjZRWnQ4ZHN6UUllYUJZZWtsWURmaFRxckdiWUtTQ0VFTVdHcjgyTTI1U09YRWc?oc=5
[Google] 8021 尖點- 尖點法說-股市爆料同學會 - CMoney → https://news.google.com/rss/articles/CBMiWEFVX3lxTE1iVV9taXprLUhLU01Sa1R3eFBxby1wWEVUNEN2eFl2X2oxNElkUXFJU2tWYklsazdXLVY1ZUs3bXMxM0Nra0hJbDRnSEE5UUxqYkpyRWFLZDg?oc=5
[MOPS] MOPS 重大訊息查詢頁（8021） → https://mops.twse.com.tw/mops/web/t05sr01_1?co_id=8021&b_date=1150401&e_date=1150518",5,1
6415,矽力*-KY,TWSE,強勢觀察,9,468.0,107.5,3401,收盤 468.0 元，前段漲幅 +107.5%，ADR 6.62%，日均成交 3401M 台幣，量比 1.48x，10MA>20MA>50MA 多頭排列,"【6415 矽力*-KY — 強勢觀察】
收盤 468.0 元，前段漲幅 +107.5%，ADR 6.62%，日均成交 3401M 台幣，量比 1.48x，10MA>20MA>50MA 多頭排列

■ 媒體報導（Google News）
  • 矽力*-KY(6415)- - 券商分點進出買賣統計-股市爆料同學會 - CMoney
    矽力*-KY(6415)- - 券商分點進出買賣統計-股市爆料同學會&nbsp;&nbsp;CMoney
    https://news.google.com/rss/articles/CBMiakFVX3lxTE1JWENSVnUzbVNmM2cxeTRUUVN2WWZWVk1HUU9KWVFuR1JZMjFraEJxbi1xR2JJVWJya0RONGh1VGhEZU1qdFU0V1ZTUmR3eW0xYlJtOEpZdFRFYnVGWFN6eTFNQ3g0cUpCaWc?oc=5
  • 6415 矽力*-KY - 今明2天重點-股市爆料同學會 - CMoney
    6415 矽力*-KY - 今明2天重點-股市爆料同學會&nbsp;&nbsp;CMoney
    https://news.google.com/rss/articles/CBMiWEFVX3lxTE9EbjM4Q2NMa1VhcjZ4ZkoxYm1kZmlIX1FPRDR5ZkE2N194TlZxcWdtdDhfWGxCQzBPekphN2RIdmNzMmJUMUg3WDlRbnd2NGo3MW5MRmkycVo?oc=5
  • 健策、矽力*-KY等16檔4/24起打入處置 71檔列注意股 - 自由財經
    健策、矽力*-KY等16檔4/24起打入處置 71檔列注意股&nbsp;&nbsp;自由財經
    https://news.google.com/rss/articles/CBMiX0FVX3lxTE9ZME84ZFdETTJ2UzhQcnB4NUk4VHpNbGVhdWlSUXBxS29RZXNyQlBZZWwtWWRPNGV2WGcwNkJvdUROUkFhSUt2VXpUd2RYSXNucXZGRkVQZWlLYkVkZWdj0gFkQVVfeXFMT1FwcExtclBRLUFTVDFyWUpoYjVZUkVjSzlpUWRLWTd0U2ZPa291aHFBZmNhQlMyT2dqQWJIbHM4S2EwTmFEU3pUb2dhWS0tb2VLWUlQMFFqRGl5bTlyeHBmeTl2SA?oc=5
  • 矽力*-KY(6415)受惠車用與 AI 伺服器雙動能，獲利重返高成長軌道-不敗教主陳重銘 - CMoney投資網誌
    矽力*-KY(6415)受惠車用與 AI 伺服器雙動能，獲利重返高成長軌道-不敗教主陳重銘&nbsp;&nbsp;CMoney投資網誌
    https://news.google.com/rss/articles/CBMiggFBVV95cUxOdkk4Q2VKb0hEOVJ1aHRHb2xzTi1FRXNLNFZsUFlHOUNvcDUxc2NfQUVzTVljOWg1MGZEdm9OX2FCc3ZxNlQ5LVNZYWpoYnBNdGFRbkFENl9PeldVUF9WM2hsWnJQZGs1Ujk0blpLcUdsX1pCbFZWZUJBYTc3cG1TWGdB?oc=5
  • 6415 矽力*-KY - PO文依舊，股價已非-股市爆料同學會 - CMoney
    6415 矽力*-KY - PO文依舊，股價已非-股市爆料同學會&nbsp;&nbsp;CMoney
    https://news.google.com/rss/articles/CBMiWEFVX3lxTFA4STVndklJSFIzTVRPNTg4SmtqS05HWW5kUGJtS0JHX0RCUkp6QmdjWjhKdXR3a053QWRkX1VkZ1dlSzVWOFBVeTczT3ZhcldMQXlVaDlKWDI?oc=5

■ 重大訊息公告（MOPS）
  • [2026-05-18] MOPS 重大訊息查詢頁（6415）
    https://mops.twse.com.tw/mops/web/t05sr01_1?co_id=6415&b_date=1150401&e_date=1150518
","[Google] 矽力*-KY(6415)- - 券商分點進出買賣統計-股市爆料同學會 - CMoney → https://news.google.com/rss/articles/CBMiakFVX3lxTE1JWENSVnUzbVNmM2cxeTRUUVN2WWZWVk1HUU9KWVFuR1JZMjFraEJxbi1xR2JJVWJya0RONGh1VGhEZU1qdFU0V1ZTUmR3eW0xYlJtOEpZdFRFYnVGWFN6eTFNQ3g0cUpCaWc?oc=5
[Google] 6415 矽力*-KY - 今明2天重點-股市爆料同學會 - CMoney → https://news.google.com/rss/articles/CBMiWEFVX3lxTE9EbjM4Q2NMa1VhcjZ4ZkoxYm1kZmlIX1FPRDR5ZkE2N194TlZxcWdtdDhfWGxCQzBPekphN2RIdmNzMmJUMUg3WDlRbnd2NGo3MW5MRmkycVo?oc=5
[Google] 健策、矽力*-KY等16檔4/24起打入處置 71檔列注意股 - 自由財經 → https://news.google.com/rss/articles/CBMiX0FVX3lxTE9ZME84ZFdETTJ2UzhQcnB4NUk4VHpNbGVhdWlSUXBxS29RZXNyQlBZZWwtWWRPNGV2WGcwNkJvdUROUkFhSUt2VXpUd2RYSXNucXZGRkVQZWlLYkVkZWdj0gFkQVVfeXFMT1FwcExtclBRLUFTVDFyWUpoYjVZUkVjSzlpUWRLWTd0U2ZPa291aHFBZmNhQlMyT2dqQWJIbHM4S2EwTmFEU3pUb2dhWS0tb2VLWUlQMFFqRGl5bTlyeHBmeTl2SA?oc=5
[Google] 矽力*-KY(6415)受惠車用與 AI 伺服器雙動能，獲利重返高成長軌道-不敗教主陳重銘 - CMoney投資網誌 → https://news.google.com/rss/articles/CBMiggFBVV95cUxOdkk4Q2VKb0hEOVJ1aHRHb2xzTi1FRXNLNFZsUFlHOUNvcDUxc2NfQUVzTVljOWg1MGZEdm9OX2FCc3ZxNlQ5LVNZYWpoYnBNdGFRbkFENl9PeldVUF9WM2hsWnJQZGs1Ujk0blpLcUdsX1pCbFZWZUJBYTc3cG1TWGdB?oc=5
[Google] 6415 矽力*-KY - PO文依舊，股價已非-股市爆料同學會 - CMoney → https://news.google.com/rss/articles/CBMiWEFVX3lxTFA4STVndklJSFIzTVRPNTg4SmtqS05HWW5kUGJtS0JHX0RCUkp6QmdjWjhKdXR3a053QWRkX1VkZ1dlSzVWOFBVeTczT3ZhcldMQXlVaDlKWDI?oc=5
[MOPS] MOPS 重大訊息查詢頁（6415） → https://mops.twse.com.tw/mops/web/t05sr01_1?co_id=6415&b_date=1150401&e_date=1150518",5,1
2337,旺宏,TWSE,強勢觀察,9,162.5,104.4,30728,收盤 162.5 元，前段漲幅 +104.4%，ADR 7.76%，日均成交 30728M 台幣，量比 0.65x，10MA>20MA>50MA 多頭排列,"【2337 旺宏 — 強勢觀察】
收盤 162.5 元，前段漲幅 +104.4%，ADR 7.76%，日均成交 30728M 台幣，量比 0.65x，10MA>20MA>50MA 多頭排列

■ 媒體報導（Google News）
  • 今日漲停股｜記憶體漲價潮與AI 伺服器供應鏈雙引擎，旺宏、微星、元太領頭衝0513｜豐雲學堂2026 年 05 月 - sinotrade.com.tw
    今日漲停股｜記憶體漲價潮與AI 伺服器供應鏈雙引擎，旺宏、微星、元太領頭衝0513｜豐雲學堂2026 年 05 月&nbsp;&nbsp;sinotrade.com.tw
    https://news.google.com/rss/articles/CBMi9gNBVV95cUxNN0tUN0lQeUZqUlYxWDNXWVhQM1JqcS1wVC1nMzBNdjhOMWNtcmZkMjdGeXBhWGEtdnA5aGdGRldMQmI1MURZM1puekJUUmVoR1lWdlRUSDBoYUJoVHJVTWNSNVVHR1N2a2ZoTnFCQWUzaDFMWGI1SEcyOWttdElvRzZYZjdtdGdVS2xNYTB1bTllNWhCem1qVEs5NER4b3BURmRDcVVNZzUxdzIxWjhEOGI4MENyMGVWNDBQY0pQRG9KQV9DUFlEaFhyZlNjWFdWcnpyRlF3Wl80bDdYMno3V21QWVdwaFlNX1BCMzg5dlExaHFSUnFDejQtOWZ2aG9WMUVnSnZvWk1SeWhqXzhjenNSMGR3WFdJR25MaVZQRnI4dWs2b3Ywb004bW15YXVOaWZKTU1scG9jSWstOEI2SE55TWd1MU03MTJ4bXZPTUNtSW5JeUZuU0g5WlQ3QTVzWm43ei1RcHRaX3NXS3RHVEJYQS0wZWFRNGFJazJUVzdudDBPdl96TV96NmZldGY5LW9DZDkzLXpHNDVIYkEtbTFralVnTTJyWjEwTzdvLVVOenN5bUlOdnBoSTJBNWxtellNZDctZjhEUWZCV2JkS2s3UjVDdkxzYzJxa1pXS0ROOWZrN0lPTXhMWE1jU1IteWZfeDZR?oc=5
  • 旺宏 旺到~2028✌️👍👊 - CMoney
    旺宏 旺到~2028✌️👍👊&nbsp;&nbsp;CMoney
    https://news.google.com/rss/articles/CBMiWEFVX3lxTE5MbUdVMmpYajJFbEU2Ri1EZE9QY3ZaS2djZndMMGpRLVpuTm9pOWtFQ19mNlRXWlRMYjAxa2padERUa09fSHVHWmFzdnlWalhFbnM5azVyamg?oc=5
  • 百億夫婿》鄭麗君夫婿沈學榮躍居旺宏第一大股東、身價翻倍估78億 - 自由財經
    百億夫婿》鄭麗君夫婿沈學榮躍居旺宏第一大股東、身價翻倍估78億&nbsp;&nbsp;自由財經
    https://news.google.com/rss/articles/CBMiX0FVX3lxTE9peTNqYVlDU0dnV1h5a2txX0FFZ0VDTjM5QWtvQnlld0ZibTRxR3lmalcxZDF3OXR5b2drSjhKZHMyaWZEY0F4d01sczRhSTBaUGhUaE5qYldQZmpnQ3Rz0gFkQVVfeXFMUDZYRjF5b3dhWXQ0YldKMC1md2FvUmFDRUV3cHFjUUdwcjRkRGlDa1hIeTZDTzBSOVFoV2RQbk5vaUFfaU5xMlY5dGVzS3B1R1BabEVpVDN3RHFsLWtiWGhZQVNtWg?oc=5
  • 旺宏最大股東換人當! 沈學榮持股超過5 萬張 - MSN
    旺宏最大股東換人當! 沈學榮持股超過5 萬張&nbsp;&nbsp;MSN
    https://news.google.com/rss/articles/CBMiwAJBVV95cUxPWWc1ZFZLZEc1aTNVcUVvVzdXem1ycXRua2FVeDZET0V5MDd4YXNKNFhmSmJFMW4yY2JVWjRiTS1YSGxfUEFzVnhSUzY4SWdlRWlOb0FBR2lJLWFfMDNzQ0t0MG9NZ1E5YzB2bEFRRXlZNXdqeGs5NFkzTmhiY0FidjYycExMbmgwNWVhQ2ZJdGVDUG1faWs2S2ZHeHNyemhVZ3RLdUc3Tl90RDF2VjVyY2c5M1NTajI0S1RYN0VNMzFndXhmZHBLa2NsZmNCajlsYThrY193bE5JNl9XV1lrSXI0YVd5bFpFN1pscDExWTN0aXVJd3g2ak5TaEx6aWViNFpHSHFzNzVFN3ZMQlhFMXBHTmdOM2xYcEVXRVRwTTNxRTB5bm5QTzJHbnI4QVhXTjI5RkFRbml4RHVmbTczcw?oc=5
  • 資金回流記憶體！南亞科旺宏亮燈漲停 分析師揭2理由：進場還不晚 - Yahoo股市
    資金回流記憶體！南亞科旺宏亮燈漲停 分析師揭2理由：進場還不晚&nbsp;&nbsp;Yahoo股市
    https://news.google.com/rss/articles/CBMiugNBVV95cUxPbEdWNjhZa2t3TE1jcExSZlpzMWF3TjB5TEVNVjk5eXF6LVhpaFNYZ0RiV25PZzZvamNxMzloOXVMTzVURWpDRFFpMk9JYkJSQTMwYXQyZ2l0blcyMGZHOVk2STY4Y1JXLWU3bFFRdV80XzFIdU5Vb0RaSm9jc0NMajl4MHNiRmQzRDVqMExVRDRNdkdicnlORkgzUFFaLS1JYTR2VHVjTHJNREpjUW81ZzR1b2gxX0xkVW1wUThtUEQ4ZGtEWXF6MTF3S1Z1cXk4UGVFb05BUDBFUHFkZkNpc2dJeC1nMThaR19saXp0SVpnZUF1OC1VcENDSmVKd2FPcWNsY25vTnlmVVN5WVR1c3EzdHpFUTRTUE5ja0VYOVlxTmhNSFlIOWl6OW9YalI5TC1DWXViMGlXZzVoVFUwaGt3R1AySzNobGJPNjl6bGpyNWlHZUFpUEZoLW9vRGRCMkY2MTk1VDF5S3BXMmJXSWRLZ1o5U3dPU0o0YUN4UHFOLWo4ams2Q0ltZ29UT1FzZVVLVXJtT0pjNWtTQUN4czhCU3JFOEpfekh0dk9iV3FmbnFfZTlwWTlB?oc=5

■ 重大訊息公告（MOPS）
  • [2026-05-18] MOPS 重大訊息查詢頁（2337）
    https://mops.twse.com.tw/mops/web/t05sr01_1?co_id=2337&b_date=1150401&e_date=1150518
","[Google] 今日漲停股｜記憶體漲價潮與AI 伺服器供應鏈雙引擎，旺宏、微星、元太領頭衝0513｜豐雲學堂2026 年 05 月 - sinotrade.com.tw → https://news.google.com/rss/articles/CBMi9gNBVV95cUxNN0tUN0lQeUZqUlYxWDNXWVhQM1JqcS1wVC1nMzBNdjhOMWNtcmZkMjdGeXBhWGEtdnA5aGdGRldMQmI1MURZM1puekJUUmVoR1lWdlRUSDBoYUJoVHJVTWNSNVVHR1N2a2ZoTnFCQWUzaDFMWGI1SEcyOWttdElvRzZYZjdtdGdVS2xNYTB1bTllNWhCem1qVEs5NER4b3BURmRDcVVNZzUxdzIxWjhEOGI4MENyMGVWNDBQY0pQRG9KQV9DUFlEaFhyZlNjWFdWcnpyRlF3Wl80bDdYMno3V21QWVdwaFlNX1BCMzg5dlExaHFSUnFDejQtOWZ2aG9WMUVnSnZvWk1SeWhqXzhjenNSMGR3WFdJR25MaVZQRnI4dWs2b3Ywb004bW15YXVOaWZKTU1scG9jSWstOEI2SE55TWd1MU03MTJ4bXZPTUNtSW5JeUZuU0g5WlQ3QTVzWm43ei1RcHRaX3NXS3RHVEJYQS0wZWFRNGFJazJUVzdudDBPdl96TV96NmZldGY5LW9DZDkzLXpHNDVIYkEtbTFralVnTTJyWjEwTzdvLVVOenN5bUlOdnBoSTJBNWxtellNZDctZjhEUWZCV2JkS2s3UjVDdkxzYzJxa1pXS0ROOWZrN0lPTXhMWE1jU1IteWZfeDZR?oc=5
[Google] 旺宏 旺到~2028✌️👍👊 - CMoney → https://news.google.com/rss/articles/CBMiWEFVX3lxTE5MbUdVMmpYajJFbEU2Ri1EZE9QY3ZaS2djZndMMGpRLVpuTm9pOWtFQ19mNlRXWlRMYjAxa2padERUa09fSHVHWmFzdnlWalhFbnM5azVyamg?oc=5
[Google] 百億夫婿》鄭麗君夫婿沈學榮躍居旺宏第一大股東、身價翻倍估78億 - 自由財經 → https://news.google.com/rss/articles/CBMiX0FVX3lxTE9peTNqYVlDU0dnV1h5a2txX0FFZ0VDTjM5QWtvQnlld0ZibTRxR3lmalcxZDF3OXR5b2drSjhKZHMyaWZEY0F4d01sczRhSTBaUGhUaE5qYldQZmpnQ3Rz0gFkQVVfeXFMUDZYRjF5b3dhWXQ0YldKMC1md2FvUmFDRUV3cHFjUUdwcjRkRGlDa1hIeTZDTzBSOVFoV2RQbk5vaUFfaU5xMlY5dGVzS3B1R1BabEVpVDN3RHFsLWtiWGhZQVNtWg?oc=5
[Google] 旺宏最大股東換人當! 沈學榮持股超過5 萬張 - MSN → https://news.google.com/rss/articles/CBMiwAJBVV95cUxPWWc1ZFZLZEc1aTNVcUVvVzdXem1ycXRua2FVeDZET0V5MDd4YXNKNFhmSmJFMW4yY2JVWjRiTS1YSGxfUEFzVnhSUzY4SWdlRWlOb0FBR2lJLWFfMDNzQ0t0MG9NZ1E5YzB2bEFRRXlZNXdqeGs5NFkzTmhiY0FidjYycExMbmgwNWVhQ2ZJdGVDUG1faWs2S2ZHeHNyemhVZ3RLdUc3Tl90RDF2VjVyY2c5M1NTajI0S1RYN0VNMzFndXhmZHBLa2NsZmNCajlsYThrY193bE5JNl9XV1lrSXI0YVd5bFpFN1pscDExWTN0aXVJd3g2ak5TaEx6aWViNFpHSHFzNzVFN3ZMQlhFMXBHTmdOM2xYcEVXRVRwTTNxRTB5bm5QTzJHbnI4QVhXTjI5RkFRbml4RHVmbTczcw?oc=5
[Google] 資金回流記憶體！南亞科旺宏亮燈漲停 分析師揭2理由：進場還不晚 - Yahoo股市 → https://news.google.com/rss/articles/CBMiugNBVV95cUxPbEdWNjhZa2t3TE1jcExSZlpzMWF3TjB5TEVNVjk5eXF6LVhpaFNYZ0RiV25PZzZvamNxMzloOXVMTzVURWpDRFFpMk9JYkJSQTMwYXQyZ2l0blcyMGZHOVk2STY4Y1JXLWU3bFFRdV80XzFIdU5Vb0RaSm9jc0NMajl4MHNiRmQzRDVqMExVRDRNdkdicnlORkgzUFFaLS1JYTR2VHVjTHJNREpjUW81ZzR1b2gxX0xkVW1wUThtUEQ4ZGtEWXF6MTF3S1Z1cXk4UGVFb05BUDBFUHFkZkNpc2dJeC1nMThaR19saXp0SVpnZUF1OC1VcENDSmVKd2FPcWNsY25vTnlmVVN5WVR1c3EzdHpFUTRTUE5ja0VYOVlxTmhNSFlIOWl6OW9YalI5TC1DWXViMGlXZzVoVFUwaGt3R1AySzNobGJPNjl6bGpyNWlHZUFpUEZoLW9vRGRCMkY2MTk1VDF5S3BXMmJXSWRLZ1o5U3dPU0o0YUN4UHFOLWo4ams2Q0ltZ29UT1FzZVVLVXJtT0pjNWtTQUN4czhCU3JFOEpfekh0dk9iV3FmbnFfZTlwWTlB?oc=5
[MOPS] MOPS 重大訊息查詢頁（2337） → https://mops.twse.com.tw/mops/web/t05sr01_1?co_id=2337&b_date=1150401&e_date=1150518",5,1
3305,昇貿,TWSE,EP 情境轉折,9,138.5,45.6,936,收盤 138.5 元，前段漲幅 +45.6%，ADR 5.55%，日均成交 936M 台幣，量比 2.8x，今日跳空 +9.92%（EP 突破訊號），10MA>20MA>50MA 多頭排列,"【3305 昇貿 — EP 情境轉折】
收盤 138.5 元，前段漲幅 +45.6%，ADR 5.55%，日均成交 936M 台幣，量比 2.8x，今日跳空 +9.92%（EP 突破訊號），10MA>20MA>50MA 多頭排列

■ 媒體報導（Google News）
  • 昇貿(3305)- - 券商分點進出買賣統計-股市爆料同學會 - CMoney
    昇貿(3305)- - 券商分點進出買賣統計-股市爆料同學會&nbsp;&nbsp;CMoney
    https://news.google.com/rss/articles/CBMiakFVX3lxTE5VcVBZWVpEWDNQYjlXTFZvYndPNUxnRkdVdFRrSW14SW1uZHV1UzZuaWZUNjQ4ZjZ6ajF3c3EwRV9McHcyNURTbFBNWGRWSGdTWG1ZNHcwUFhKUWxMT3ZDUjUzbS03TFdweVE?oc=5
  • 昇貿(3305)- - 券商分點進出買賣統計-股市爆料同學會 - CMoney
    昇貿(3305)- - 券商分點進出買賣統計-股市爆料同學會&nbsp;&nbsp;CMoney
    https://news.google.com/rss/articles/CBMiakFVX3lxTFB0R2E4dkJzSmttQnhQMTRKUkt1eks5aXNhSFdGWHNJOUdSNzEzMjhjdV9XQTdrdDBkZi1TczBJbG9adHNNOW9RaWNrMWU5d1dsblBwQTI2TG1rYTdvaVVqb044RnpwOXl0YVE?oc=5
  • 昇貿(3305) 今日股價與討論-股市爆料同學會 - CMoney
    昇貿(3305) 今日股價與討論-股市爆料同學會&nbsp;&nbsp;CMoney
    https://news.google.com/rss/articles/CBMiT0FVX3lxTE5nZW9aRkRpY2s4dGxxQTBKSG9rSk4xQUhqX3ExX3dYMHMxZ05URXdTRUIyQzBNTjlSaDI5QUNyc1o1N21vTjZ6SEYtTGZLYWc?oc=5
  • 3305 昇貿 - https://www.youtube.com/watch?...-股市爆料同學會 - CMoney
    3305 昇貿 - https://www.youtube.com/watch?...-股市爆料同學會&nbsp;&nbsp;CMoney
    https://news.google.com/rss/articles/CBMiWEFVX3lxTFBpVFdja1VldnVlVFAxYnlkSWRuYjZZZHZ6TEItQ0tvZVQ4OFpabTZicml6ekN5SHN6M2J6M3JES19iaTAyMmdBWm9jZjUwWElza0ZQcjk4TDI?oc=5
  • 3305 昇貿 - 大戶增加3%多-股市爆料同學會 - CMoney
    3305 昇貿 - 大戶增加3%多-股市爆料同學會&nbsp;&nbsp;CMoney
    https://news.google.com/rss/articles/CBMiWEFVX3lxTE5IM0phVHFqcU90d2RYRUNKR1lzR0ctTDZ6OEFBTVlJYVp2TEVreW1mTXVGWkF0VmYwQVJ6LVRsR2t6cDRYN1lvREJCdjlKYm5ibExKMk5XcTg?oc=5

■ 重大訊息公告（MOPS）
  • [2026-05-18] MOPS 重大訊息查詢頁（3305）
    https://mops.twse.com.tw/mops/web/t05sr01_1?co_id=3305&b_date=1150401&e_date=1150518
","[Google] 昇貿(3305)- - 券商分點進出買賣統計-股市爆料同學會 - CMoney → https://news.google.com/rss/articles/CBMiakFVX3lxTE5VcVBZWVpEWDNQYjlXTFZvYndPNUxnRkdVdFRrSW14SW1uZHV1UzZuaWZUNjQ4ZjZ6ajF3c3EwRV9McHcyNURTbFBNWGRWSGdTWG1ZNHcwUFhKUWxMT3ZDUjUzbS03TFdweVE?oc=5
[Google] 昇貿(3305)- - 券商分點進出買賣統計-股市爆料同學會 - CMoney → https://news.google.com/rss/articles/CBMiakFVX3lxTFB0R2E4dkJzSmttQnhQMTRKUkt1eks5aXNhSFdGWHNJOUdSNzEzMjhjdV9XQTdrdDBkZi1TczBJbG9adHNNOW9RaWNrMWU5d1dsblBwQTI2TG1rYTdvaVVqb044RnpwOXl0YVE?oc=5
[Google] 昇貿(3305) 今日股價與討論-股市爆料同學會 - CMoney → https://news.google.com/rss/articles/CBMiT0FVX3lxTE5nZW9aRkRpY2s4dGxxQTBKSG9rSk4xQUhqX3ExX3dYMHMxZ05URXdTRUIyQzBNTjlSaDI5QUNyc1o1N21vTjZ6SEYtTGZLYWc?oc=5
[Google] 3305 昇貿 - https://www.youtube.com/watch?...-股市爆料同學會 - CMoney → https://news.google.com/rss/articles/CBMiWEFVX3lxTFBpVFdja1VldnVlVFAxYnlkSWRuYjZZZHZ6TEItQ0tvZVQ4OFpabTZicml6ekN5SHN6M2J6M3JES19iaTAyMmdBWm9jZjUwWElza0ZQcjk4TDI?oc=5
[Google] 3305 昇貿 - 大戶增加3%多-股市爆料同學會 - CMoney → https://news.google.com/rss/articles/CBMiWEFVX3lxTE5IM0phVHFqcU90d2RYRUNKR1lzR0ctTDZ6OEFBTVlJYVp2TEVreW1mTXVGWkF0VmYwQVJ6LVRsR2t6cDRYN1lvREJCdjlKYm5ibExKMk5XcTg?oc=5
[MOPS] MOPS 重大訊息查詢頁（3305） → https://mops.twse.com.tw/mops/web/t05sr01_1?co_id=3305&b_date=1150401&e_date=1150518",5,1
2441,超豐,TWSE,EP 情境轉折,9,106.5,34.6,1481,收盤 106.5 元，前段漲幅 +34.6%，ADR 5.81%，日均成交 1481M 台幣，量比 2.38x，今日跳空 +5.45%（EP 突破訊號），10MA>20MA>50MA 多頭排列,"【2441 超豐 — EP 情境轉折】
收盤 106.5 元，前段漲幅 +34.6%，ADR 5.81%，日均成交 1481M 台幣，量比 2.38x，今日跳空 +5.45%（EP 突破訊號），10MA>20MA>50MA 多頭排列

■ 媒體報導（Google News）
  • 超豐(2441)- - 券商分點進出買賣統計-股市爆料同學會 - CMoney
    超豐(2441)- - 券商分點進出買賣統計-股市爆料同學會&nbsp;&nbsp;CMoney
    https://news.google.com/rss/articles/CBMiakFVX3lxTE1sbnFZYnVFOXdkOFBjWnNDNjBXLXB5WUJhcWkwYkQ0Q3VQLVctOTg2V3ZrR0Z5QjNmZ0FGQnJxYmkya1ZKVGo4bEtIRHhRXzVhZTY0Ym5VSDgwOGljZjdXbWREUDVlMkIwSXc?oc=5
  • 【12:00 即時新聞】超豐(2441)股價勁揚逾7%，受惠封測族群AI題材發酵＋短線多頭結構轉強吸引買盤迴流 - CMoney投資網誌
    【12:00 即時新聞】超豐(2441)股價勁揚逾7%，受惠封測族群AI題材發酵＋短線多頭結構轉強吸引買盤迴流&nbsp;&nbsp;CMoney投資網誌
    https://news.google.com/rss/articles/CBMijgFBVV95cUxOS1BOMU41MEx4MXd1SU53WmlkanBlSzlSNjFvQWJtd25ONjJ2ZjQwVzluUWdDVVpKdmhTTjhab2NnUm5IR2RtdDVNQ0YtQWxXXzhQQ0lCc0tkbkJoSUJtbEJwMU5Eb2RjUnluM2ZTNEFoazJvd1U2M1JrWWhrUzlrd0EtYW9CX0JqZE1odC1R?oc=5
  • 超豐股價44→92元今年已翻倍！這檔封測黑馬逆襲關鍵是它...明年喊會漲價，現在能進場大口吃肉？ - 今周刊
    超豐股價44→92元今年已翻倍！這檔封測黑馬逆襲關鍵是它...明年喊會漲價，現在能進場大口吃肉？&nbsp;&nbsp;今周刊
    https://news.google.com/rss/articles/CBMigAFBVV95cUxPNGtsTkc0WUkzQWd5ZWpBWXJGU0l0YVZpRHpXeHhzbTNlR3NtSVBxc3R2bHdOQUNiQTlIWU9TQ3Y4VE10UjdkSkc2SVZvX3UxTVk5bW9jbVdITy1SQXBJTjJDOUxTTVN0d294Vi01NTVsdkRBZTdnUW1xald3YWdZZg?oc=5
  • 超豐(2441)- - 券商分點進出買賣統計-股市爆料同學會 - CMoney
    超豐(2441)- - 券商分點進出買賣統計-股市爆料同學會&nbsp;&nbsp;CMoney
    https://news.google.com/rss/articles/CBMiakFVX3lxTE9qc3UwWFQ0XzJ6ZVBaLXZGRDl1d1pvVlhhd0lOQVE5X2k4TUw3MTZoeVVuMlBrLXdOdlk3RlQyM1dXOHBiQjVseHY1akpqNUdlUFhHVWk0SzVMOXVGRUZ3NnRvWk1lX2tBbVE?oc=5
  • 超豐(2441)本益比查詢｜PE估值與河流圖合理區間解析-股市爆料同學會 - CMoney
    超豐(2441)本益比查詢｜PE估值與河流圖合理區間解析-股市爆料同學會&nbsp;&nbsp;CMoney
    https://news.google.com/rss/articles/CBMiVkFVX3lxTFBqOFdOazR3NTBDOTVRcmQxekFvUmRvNHdzMGNfOEIyc2lTaGJWNGRDak9TY1hUY0szM25hTzFXYXpJQmQtLTRSVnB1by1MdjR4bmlqbEh3?oc=5

■ 重大訊息公告（MOPS）
  • [2026-05-18] MOPS 重大訊息查詢頁（2441）
    https://mops.twse.com.tw/mops/web/t05sr01_1?co_id=2441&b_date=1150401&e_date=1150518
","[Google] 超豐(2441)- - 券商分點進出買賣統計-股市爆料同學會 - CMoney → https://news.google.com/rss/articles/CBMiakFVX3lxTE1sbnFZYnVFOXdkOFBjWnNDNjBXLXB5WUJhcWkwYkQ0Q3VQLVctOTg2V3ZrR0Z5QjNmZ0FGQnJxYmkya1ZKVGo4bEtIRHhRXzVhZTY0Ym5VSDgwOGljZjdXbWREUDVlMkIwSXc?oc=5
[Google] 【12:00 即時新聞】超豐(2441)股價勁揚逾7%，受惠封測族群AI題材發酵＋短線多頭結構轉強吸引買盤迴流 - CMoney投資網誌 → https://news.google.com/rss/articles/CBMijgFBVV95cUxOS1BOMU41MEx4MXd1SU53WmlkanBlSzlSNjFvQWJtd25ONjJ2ZjQwVzluUWdDVVpKdmhTTjhab2NnUm5IR2RtdDVNQ0YtQWxXXzhQQ0lCc0tkbkJoSUJtbEJwMU5Eb2RjUnluM2ZTNEFoazJvd1U2M1JrWWhrUzlrd0EtYW9CX0JqZE1odC1R?oc=5
[Google] 超豐股價44→92元今年已翻倍！這檔封測黑馬逆襲關鍵是它...明年喊會漲價，現在能進場大口吃肉？ - 今周刊 → https://news.google.com/rss/articles/CBMigAFBVV95cUxPNGtsTkc0WUkzQWd5ZWpBWXJGU0l0YVZpRHpXeHhzbTNlR3NtSVBxc3R2bHdOQUNiQTlIWU9TQ3Y4VE10UjdkSkc2SVZvX3UxTVk5bW9jbVdITy1SQXBJTjJDOUxTTVN0d294Vi01NTVsdkRBZTdnUW1xald3YWdZZg?oc=5
[Google] 超豐(2441)- - 券商分點進出買賣統計-股市爆料同學會 - CMoney → https://news.google.com/rss/articles/CBMiakFVX3lxTE9qc3UwWFQ0XzJ6ZVBaLXZGRDl1d1pvVlhhd0lOQVE5X2k4TUw3MTZoeVVuMlBrLXdOdlk3RlQyM1dXOHBiQjVseHY1akpqNUdlUFhHVWk0SzVMOXVGRUZ3NnRvWk1lX2tBbVE?oc=5
[Google] 超豐(2441)本益比查詢｜PE估值與河流圖合理區間解析-股市爆料同學會 - CMoney → https://news.google.com/rss/articles/CBMiVkFVX3lxTFBqOFdOazR3NTBDOTVRcmQxekFvUmRvNHdzMGNfOEIyc2lTaGJWNGRDak9TY1hUY0szM25hTzFXYXpJQmQtLTRSVnB1by1MdjR4bmlqbEh3?oc=5
[MOPS] MOPS 重大訊息查詢頁（2441） → https://mops.twse.com.tw/mops/web/t05sr01_1?co_id=2441&b_date=1150401&e_date=1150518",5,1
6239,力成,TWSE,EP 情境轉折,9,248.0,33.7,4862,收盤 248.0 元，前段漲幅 +33.7%，ADR 5.52%，日均成交 4862M 台幣，量比 2.6x，今日跳空 +8.3%（EP 突破訊號），10MA>20MA>50MA 多頭排列,"【6239 力成 — EP 情境轉折】
收盤 248.0 元，前段漲幅 +33.7%，ADR 5.52%，日均成交 4862M 台幣，量比 2.6x，今日跳空 +8.3%（EP 突破訊號），10MA>20MA>50MA 多頭排列

■ 媒體報導（Google News）
  • 6239 力成- 股票重點在籌碼-股市爆料同學會 - CMoney
    6239 力成- 股票重點在籌碼-股市爆料同學會&nbsp;&nbsp;CMoney
    https://news.google.com/rss/articles/CBMiWEFVX3lxTFBmTkU5cW9UYmdBeDlBYjlkV1lHVlJBYUtTWC1fbFRvMjNESnNWbGRKUTFUcG9sSnpsQnhpb0htVmFZSHcyRkVYM2NwSGZFM3lhYzJJNnBoR3g?oc=5
  • 封測族群被盯上！投信出場「這2檔」3千多張 連砍力成6刀帶走12.55億元 - Yahoo股市
    封測族群被盯上！投信出場「這2檔」3千多張 連砍力成6刀帶走12.55億元&nbsp;&nbsp;Yahoo股市
    https://news.google.com/rss/articles/CBMi-wJBVV95cUxPMHo4UUNLdC1Sd05sWlZQU2Faa1NiVnBCbXJtcnhqaUlzUFJqdGRtQS02clBrcXA2alhZNnJsZEV4c0FldzZCcWlPUENmQkZTeUxOdDhNdEJqd0k2RFg0aEtpXzJhcWpNcWdJenpGa3paSGh2dkthamlwcUZ1NHR4V2JDSVVkaFpDbFB5T1ZxNDN0UlN4Y3cxZ1ZJUzRidmZicHotSE96NGpncUVITEVwWDFkd2U0cmVhRkFaSjR1N1QyXzNLTWpVNEhOX0pteElLWm5Xa3FHNVZobF9sMEk1X1ktSWFPOG90SGhjS3hsUkc5S2FaRHBhS2Ntd0JNZkJRdDFvZkN4MENrN3pIRDh3ZDFoUW9Fa2djbU9xN3JjcXRfUURvb3dBVGZqUVZSSGlIeldLLXlHaWFINzEwSVRJQ2Q1UUItbzVJSDBKRGhCaDVBVjk5X1hIa3NpNkVFOXFuRjluVGYtMENhcEdxME9qY3E3V0hYV01CdUhR?oc=5
  • 力成(6239)99→252元，股價翻倍能追高？殖利率5％變2％，還能繼續存股？「高股息變飆股」背後兩大動能拆解 - 今周刊
    力成(6239)99→252元，股價翻倍能追高？殖利率5％變2％，還能繼續存股？「高股息變飆股」背後兩大動能拆解&nbsp;&nbsp;今周刊
    https://news.google.com/rss/articles/CBMigAFBVV95cUxOMEItMWN1dDR2YjV4Qmt4MnRjTFdxQUpMdC12UnZfLVN0NnVHcVA4cEh0S1hiTjJPNWZYV19xbGFJTW9YbXc5WmMtc2Uxck9uYUtzNG9yWjIyM011RjRsbmJra3RrSnRwYlQyekY0RVNadW9LZkIteUxmNUc1Z2FNTA?oc=5
  • 力成股價狂飆8%！ 封測旺季「還沒結束」 - moneyweekly.com.tw
    力成股價狂飆8%！ 封測旺季「還沒結束」&nbsp;&nbsp;moneyweekly.com.tw
    https://news.google.com/rss/articles/CBMib0FVX3lxTE10ZWtscWtuNm5HRENPX01EV193bUhkRm10RFNaZ2RtU3kzOHBvSkFhejZJRGM4VnMtZ1FOb3BOZHpvWFdQMFFkbjZuZ2NMVEMwcF9Md2UzYy0xZHdhUkhyRW01dGkxQ3pCa2t4OTFVOA?oc=5
  • 力成(6239)目標價 385 元怎麼看？拆解 2025–2026 成長假設與評等邏輯-黃勢明 - CMoney投資網誌
    力成(6239)目標價 385 元怎麼看？拆解 2025–2026 成長假設與評等邏輯-黃勢明&nbsp;&nbsp;CMoney投資網誌
    https://news.google.com/rss/articles/CBMihwFBVV95cUxQZGpQVVF4V0pOaW5mMExFUE8yYzdVeUhHNDlHTV9iczB3anBaQUdCWGw1SDU0ejZ2V3p4UFloUV8wd3F4Z3FiV2sydVhNR1N4ZHJxa2x0LXV4R0FPSDlLT1p3SVBUSnZzNWhncVRXVEcwenduUTA2YkZhZlNvSnY3UmROcjJ4b2c?oc=5

■ 重大訊息公告（MOPS）
  • [2026-05-18] MOPS 重大訊息查詢頁（6239）
    https://mops.twse.com.tw/mops/web/t05sr01_1?co_id=6239&b_date=1150401&e_date=1150518
","[Google] 6239 力成- 股票重點在籌碼-股市爆料同學會 - CMoney → https://news.google.com/rss/articles/CBMiWEFVX3lxTFBmTkU5cW9UYmdBeDlBYjlkV1lHVlJBYUtTWC1fbFRvMjNESnNWbGRKUTFUcG9sSnpsQnhpb0htVmFZSHcyRkVYM2NwSGZFM3lhYzJJNnBoR3g?oc=5
[Google] 封測族群被盯上！投信出場「這2檔」3千多張 連砍力成6刀帶走12.55億元 - Yahoo股市 → https://news.google.com/rss/articles/CBMi-wJBVV95cUxPMHo4UUNLdC1Sd05sWlZQU2Faa1NiVnBCbXJtcnhqaUlzUFJqdGRtQS02clBrcXA2alhZNnJsZEV4c0FldzZCcWlPUENmQkZTeUxOdDhNdEJqd0k2RFg0aEtpXzJhcWpNcWdJenpGa3paSGh2dkthamlwcUZ1NHR4V2JDSVVkaFpDbFB5T1ZxNDN0UlN4Y3cxZ1ZJUzRidmZicHotSE96NGpncUVITEVwWDFkd2U0cmVhRkFaSjR1N1QyXzNLTWpVNEhOX0pteElLWm5Xa3FHNVZobF9sMEk1X1ktSWFPOG90SGhjS3hsUkc5S2FaRHBhS2Ntd0JNZkJRdDFvZkN4MENrN3pIRDh3ZDFoUW9Fa2djbU9xN3JjcXRfUURvb3dBVGZqUVZSSGlIeldLLXlHaWFINzEwSVRJQ2Q1UUItbzVJSDBKRGhCaDVBVjk5X1hIa3NpNkVFOXFuRjluVGYtMENhcEdxME9qY3E3V0hYV01CdUhR?oc=5
[Google] 力成(6239)99→252元，股價翻倍能追高？殖利率5％變2％，還能繼續存股？「高股息變飆股」背後兩大動能拆解 - 今周刊 → https://news.google.com/rss/articles/CBMigAFBVV95cUxOMEItMWN1dDR2YjV4Qmt4MnRjTFdxQUpMdC12UnZfLVN0NnVHcVA4cEh0S1hiTjJPNWZYV19xbGFJTW9YbXc5WmMtc2Uxck9uYUtzNG9yWjIyM011RjRsbmJra3RrSnRwYlQyekY0RVNadW9LZkIteUxmNUc1Z2FNTA?oc=5
[Google] 力成股價狂飆8%！ 封測旺季「還沒結束」 - moneyweekly.com.tw → https://news.google.com/rss/articles/CBMib0FVX3lxTE10ZWtscWtuNm5HRENPX01EV193bUhkRm10RFNaZ2RtU3kzOHBvSkFhejZJRGM4VnMtZ1FOb3BOZHpvWFdQMFFkbjZuZ2NMVEMwcF9Md2UzYy0xZHdhUkhyRW01dGkxQ3pCa2t4OTFVOA?oc=5
[Google] 力成(6239)目標價 385 元怎麼看？拆解 2025–2026 成長假設與評等邏輯-黃勢明 - CMoney投資網誌 → https://news.google.com/rss/articles/CBMihwFBVV95cUxQZGpQVVF4V0pOaW5mMExFUE8yYzdVeUhHNDlHTV9iczB3anBaQUdCWGw1SDU0ejZ2V3p4UFloUV8wd3F4Z3FiV2sydVhNR1N4ZHJxa2x0LXV4R0FPSDlLT1p3SVBUSnZzNWhncVRXVEcwenduUTA2YkZhZlNvSnY3UmROcjJ4b2c?oc=5
[MOPS] MOPS 重大訊息查詢頁（6239） → https://mops.twse.com.tw/mops/web/t05sr01_1?co_id=6239&b_date=1150401&e_date=1150518",5,1
7769,鴻勁,TWSE,強勢觀察,8,6895.0,99.9,8113,收盤 6895.0 元，前段漲幅 +99.9%，ADR 6.17%，日均成交 8113M 台幣，量比 0.58x，10MA>20MA>50MA 多頭排列,"【7769 鴻勁 — 強勢觀察】
收盤 6895.0 元，前段漲幅 +99.9%，ADR 6.17%，日均成交 8113M 台幣，量比 0.58x，10MA>20MA>50MA 多頭排列

■ 媒體報導（Google News）
  • 鴻勁(7769) 個股概覽 | 個股 - 股市 - CMoney
    鴻勁(7769) 個股概覽 | 個股 - 股市&nbsp;&nbsp;CMoney
    https://news.google.com/rss/articles/CBMiSkFVX3lxTFBpdWNCSVBWMDhmNFNSbl90UzBIbnNWM1VtTUVzRmNhT2N1aFB4VGpEV19GVGVDWEJLTURTWjJxRzAwM1pUUHlQQ0lR?oc=5
  • 鴻勁做什麼的？什麼是分選機？一次看懂鴻勁產品與成長關鍵！ - StockFeel 股感
    鴻勁做什麼的？什麼是分選機？一次看懂鴻勁產品與成長關鍵！&nbsp;&nbsp;StockFeel 股感
    https://news.google.com/rss/articles/CBMi0AFBVV95cUxOTWZHY1E1b2RxWE9KVC1OeDNreHdJcUozNFM3d0c0OXlLNUlvVUZGNUlSLW5XbklFUnpDbDJkQWNtaFJfRE1jMXVUcFB0ei1YUnN3ejFIcDdEZmxlWFVqSkoxaTlFTEVVWWhEa2pZU0NHdnY1VzRhdTAwaEZLV1hIVnBBWVhEZzhLQzJvUFVHREV1cDdiNkhxekFLdUUzU0VYc1F6NDhWWEJNd1I3TVhLbEotTDdzU211RXprY051UUpZWjJCdWFUcjZUQWNvVlpu?oc=5
  • 鴻勁(7769)- - 券商分點進出買賣統計-股市爆料同學會 - CMoney
    鴻勁(7769)- - 券商分點進出買賣統計-股市爆料同學會&nbsp;&nbsp;CMoney
    https://news.google.com/rss/articles/CBMia0FVX3lxTE4zNWtfelQ5Z2R0bWV5NmNyRTY1SjhfUGFMaVN3RzJZY2ZfNmxJdkpTN0NtS2xwMmg0Yk1WdVRjaXhDNjRtaXoxZGhMTkxDcGgxSTlrd1FZNy1wWktDdW9DcTN4VVVtcDhTNFlr?oc=5
  • 鴻勁(7769)股價衝破 4700 能買嗎？當沖太兇、大戶偷溜... 主力不敢說的籌碼真相大公開！ - 優分析UAnalyze
    鴻勁(7769)股價衝破 4700 能買嗎？當沖太兇、大戶偷溜... 主力不敢說的籌碼真相大公開！&nbsp;&nbsp;優分析UAnalyze
    https://news.google.com/rss/articles/CBMiVkFVX3lxTE9ReVBoVTRqcmk3NnFGcDF0N2ZweEJwUk03ZWg5ZGFMbi1UbFN0d2ZROFdQME5oa0xyVk5CV09PNDJQV09YeHMwY1NOZnpSU3NIeVd6aWZB?oc=5
  • 7769 鴻勁- 被洗掉的大家還好嗎?-股市爆料同學會 - CMoney
    7769 鴻勁- 被洗掉的大家還好嗎?-股市爆料同學會&nbsp;&nbsp;CMoney
    https://news.google.com/rss/articles/CBMiWEFVX3lxTE9EQUJZM3VRbENhX1ROT3BzeDF1aURVTW9yWWlhZC00QWp2dU8tUF9hYS0xR2FwM29OankzMDJUZ1dVV3luQ1lrOXBXaVdOWXg4TmdmSnhHeEw?oc=5

■ 重大訊息公告（MOPS）
  • [2026-05-18] MOPS 重大訊息查詢頁（7769）
    https://mops.twse.com.tw/mops/web/t05sr01_1?co_id=7769&b_date=1150401&e_date=1150518
","[Google] 鴻勁(7769) 個股概覽 | 個股 - 股市 - CMoney → https://news.google.com/rss/articles/CBMiSkFVX3lxTFBpdWNCSVBWMDhmNFNSbl90UzBIbnNWM1VtTUVzRmNhT2N1aFB4VGpEV19GVGVDWEJLTURTWjJxRzAwM1pUUHlQQ0lR?oc=5
[Google] 鴻勁做什麼的？什麼是分選機？一次看懂鴻勁產品與成長關鍵！ - StockFeel 股感 → https://news.google.com/rss/articles/CBMi0AFBVV95cUxOTWZHY1E1b2RxWE9KVC1OeDNreHdJcUozNFM3d0c0OXlLNUlvVUZGNUlSLW5XbklFUnpDbDJkQWNtaFJfRE1jMXVUcFB0ei1YUnN3ejFIcDdEZmxlWFVqSkoxaTlFTEVVWWhEa2pZU0NHdnY1VzRhdTAwaEZLV1hIVnBBWVhEZzhLQzJvUFVHREV1cDdiNkhxekFLdUUzU0VYc1F6NDhWWEJNd1I3TVhLbEotTDdzU211RXprY051UUpZWjJCdWFUcjZUQWNvVlpu?oc=5
[Google] 鴻勁(7769)- - 券商分點進出買賣統計-股市爆料同學會 - CMoney → https://news.google.com/rss/articles/CBMia0FVX3lxTE4zNWtfelQ5Z2R0bWV5NmNyRTY1SjhfUGFMaVN3RzJZY2ZfNmxJdkpTN0NtS2xwMmg0Yk1WdVRjaXhDNjRtaXoxZGhMTkxDcGgxSTlrd1FZNy1wWktDdW9DcTN4VVVtcDhTNFlr?oc=5
[Google] 鴻勁(7769)股價衝破 4700 能買嗎？當沖太兇、大戶偷溜... 主力不敢說的籌碼真相大公開！ - 優分析UAnalyze → https://news.google.com/rss/articles/CBMiVkFVX3lxTE9ReVBoVTRqcmk3NnFGcDF0N2ZweEJwUk03ZWg5ZGFMbi1UbFN0d2ZROFdQME5oa0xyVk5CV09PNDJQV09YeHMwY1NOZnpSU3NIeVd6aWZB?oc=5
[Google] 7769 鴻勁- 被洗掉的大家還好嗎?-股市爆料同學會 - CMoney → https://news.google.com/rss/articles/CBMiWEFVX3lxTE9EQUJZM3VRbENhX1ROT3BzeDF1aURVTW9yWWlhZC00QWp2dU8tUF9hYS0xR2FwM29OankzMDJUZ1dVV3luQ1lrOXBXaVdOWXg4TmdmSnhHeEw?oc=5
[MOPS] MOPS 重大訊息查詢頁（7769） → https://mops.twse.com.tw/mops/web/t05sr01_1?co_id=7769&b_date=1150401&e_date=1150518",5,1
2492,華新科,TWSE,強勢觀察,8,206.0,82.3,3342,收盤 206.0 元，前段漲幅 +82.3%，ADR 7.19%，日均成交 3342M 台幣，量比 0.63x，10MA>20MA>50MA 多頭排列,"【2492 華新科 — 強勢觀察】
收盤 206.0 元，前段漲幅 +82.3%，ADR 7.19%，日均成交 3342M 台幣，量比 0.63x，10MA>20MA>50MA 多頭排列

■ 媒體報導（Google News）
  • 處置股名單 0515／今日新增 10 檔，華新科、邁科、振樺電、譜瑞-KY新入列，近期出關個股一文掌握｜股市話題 - sinotrade.com.tw
    處置股名單 0515／今日新增 10 檔，華新科、邁科、振樺電、譜瑞-KY新入列，近期出關個股一文掌握｜股市話題&nbsp;&nbsp;sinotrade.com.tw
    https://news.google.com/rss/articles/CBMi0gRBVV95cUxNSlFXcHpOczZ3T1RnNGVaa241TjEzTlVGRHh5TlE5cTJRYTJUTDA0NHZHSWZhZG9DaEVmdnNOeTRkQU1NU19fRVhXMHFHTDNwMTlUOUM3YngyMkFidnBhRDBja1ZQbGs1YWpRaW1ZZzFURnp1YjBwbkdNZnAwaHdJaDk1N0xLeG5pTHBhMDhwV2FFX013RE9pUFF2eDI0d1pSZlhNRi1tZzF6VHd1cTNnZTVYNHZsdUZnbnRnX0ZyRU9mV1RPTzE4TWJxYWtxcm9lYmNBOFdZd3ZTemZTc1VEbG5ST0RPdUFVVkhRSEVzUjBtbF9udEx0YnM1azBXcHdFSDlOaU5KVDhjX3FBd1ZKanIxdDVaNDk1UGRpWGI4eWdWWW8xdmlCUmtRUVJDeWZ2Rk9xdmVJV3EzOXlqNlh1R05JMTUxUHVpOFhSa1hKOWEwWXNObWdSMUlvNDlPTW1uLW5OVEVPSUtHY0E5ZWpuZUJrRFZ3UGo3NlV4LXhwMWk5YTZoQW8xc2gzSUdnLWhYZ09iTGtoZzViMlBjcWs2ZUFUVnpMdVZLY29lTjNTWmlMQUNpUEg2bnZpcmFGS1hlOENrTjBuNXFXVVUxYmZtZXctUWMxSlJjTEZBQ2ExOG9RU3lJNzBtdTg3NU8wU1ZicUlxTUo4cGxHQTJSVFZLdnUzT0FUYVdZZTB6d2lnWVBla0tzVzQ2RzZnRjR0UkxXSTJKaUZ6YzFHNndFWm02TXFKTlVKTk1Qdk5mRmJJQTROajhqbkd2OG9WRkwtOWR3Q3c?oc=5
  • 華新科(2492)- - 券商分點進出買賣統計-股市爆料同學會 - CMoney
    華新科(2492)- - 券商分點進出買賣統計-股市爆料同學會&nbsp;&nbsp;CMoney
    https://news.google.com/rss/articles/CBMiakFVX3lxTFBwOUVzWEJIQm05NlY4N2hkMUlzcGxCR0hQd1hDZURVNHVyemw3TU5xU1ZwZWVyeU9qeTlscGRnVFh6RmJzSnFMV2dhTkpHN1BSX0thZjBWZ2hjelJQOW00N2psWTZxeUQyRHc?oc=5
  • 華新科等7檔5/15起打入處置 國巨等75檔列注意股 - 自由財經
    華新科等7檔5/15起打入處置 國巨等75檔列注意股&nbsp;&nbsp;自由財經
    https://news.google.com/rss/articles/CBMiX0FVX3lxTE1rb2VRRklZQlBSUEhHWmhna2NidGsxSkZNcEJxd2Rpb0JEOUlTVkJfUml3SkNOYlRfc2V6SFJjRnUzOHpxS0RrbjZMcjF4V096RWVNakZKN0Nsa0owY2tF0gFkQVVfeXFMTlVoNWF0dm44M0hjaWR6dXZmWDNjUndKRmh6QVEzZmFxdzFOTTR3UVlRYk5mMVJPc2VuNVBNSkRVWG8weUpmNTkwYU4wSW42Q2ZwenVJWmNVOFgxQURWZHFfZnZqdg?oc=5
  • 華新科等7檔5/15起打入處置 國巨等75檔列注意股 - 自由時報
    華新科等7檔5/15起打入處置 國巨等75檔列注意股&nbsp;&nbsp;自由時報
    https://news.google.com/rss/articles/CBMiWEFVX3lxTE1qY1NURjlBeEgtM1dkc3VnWG9TRERzYmtORl9zSjF1VW1ydmxPelE0OWdJU2FWdGV2WGdjN3VQekJ2dEVEeUM0Y3VfdGJHWGZUSDYxLXZ0RkM?oc=5
  • 華新科(2492)- - 券商分點進出買賣統計-股市爆料同學會 - CMoney
    華新科(2492)- - 券商分點進出買賣統計-股市爆料同學會&nbsp;&nbsp;CMoney
    https://news.google.com/rss/articles/CBMiakFVX3lxTFBlU2t0TVpLQmFxcXNkMHBmOHp6SUlwOEt5eE9Qb0FqaWw0SHlzNWJLZnZlZW5sUE9qMG0tSURMUFAyNExKcjFCd3dZRy1Nb1I0NFhuSm1RQnJXTXdfQ2VwcHkyUXMzeVFDV2c?oc=5

■ 重大訊息公告（MOPS）
  • [2026-05-18] MOPS 重大訊息查詢頁（2492）
    https://mops.twse.com.tw/mops/web/t05sr01_1?co_id=2492&b_date=1150401&e_date=1150518
","[Google] 處置股名單 0515／今日新增 10 檔，華新科、邁科、振樺電、譜瑞-KY新入列，近期出關個股一文掌握｜股市話題 - sinotrade.com.tw → https://news.google.com/rss/articles/CBMi0gRBVV95cUxNSlFXcHpOczZ3T1RnNGVaa241TjEzTlVGRHh5TlE5cTJRYTJUTDA0NHZHSWZhZG9DaEVmdnNOeTRkQU1NU19fRVhXMHFHTDNwMTlUOUM3YngyMkFidnBhRDBja1ZQbGs1YWpRaW1ZZzFURnp1YjBwbkdNZnAwaHdJaDk1N0xLeG5pTHBhMDhwV2FFX013RE9pUFF2eDI0d1pSZlhNRi1tZzF6VHd1cTNnZTVYNHZsdUZnbnRnX0ZyRU9mV1RPTzE4TWJxYWtxcm9lYmNBOFdZd3ZTemZTc1VEbG5ST0RPdUFVVkhRSEVzUjBtbF9udEx0YnM1azBXcHdFSDlOaU5KVDhjX3FBd1ZKanIxdDVaNDk1UGRpWGI4eWdWWW8xdmlCUmtRUVJDeWZ2Rk9xdmVJV3EzOXlqNlh1R05JMTUxUHVpOFhSa1hKOWEwWXNObWdSMUlvNDlPTW1uLW5OVEVPSUtHY0E5ZWpuZUJrRFZ3UGo3NlV4LXhwMWk5YTZoQW8xc2gzSUdnLWhYZ09iTGtoZzViMlBjcWs2ZUFUVnpMdVZLY29lTjNTWmlMQUNpUEg2bnZpcmFGS1hlOENrTjBuNXFXVVUxYmZtZXctUWMxSlJjTEZBQ2ExOG9RU3lJNzBtdTg3NU8wU1ZicUlxTUo4cGxHQTJSVFZLdnUzT0FUYVdZZTB6d2lnWVBla0tzVzQ2RzZnRjR0UkxXSTJKaUZ6YzFHNndFWm02TXFKTlVKTk1Qdk5mRmJJQTROajhqbkd2OG9WRkwtOWR3Q3c?oc=5
[Google] 華新科(2492)- - 券商分點進出買賣統計-股市爆料同學會 - CMoney → https://news.google.com/rss/articles/CBMiakFVX3lxTFBwOUVzWEJIQm05NlY4N2hkMUlzcGxCR0hQd1hDZURVNHVyemw3TU5xU1ZwZWVyeU9qeTlscGRnVFh6RmJzSnFMV2dhTkpHN1BSX0thZjBWZ2hjelJQOW00N2psWTZxeUQyRHc?oc=5
[Google] 華新科等7檔5/15起打入處置 國巨等75檔列注意股 - 自由財經 → https://news.google.com/rss/articles/CBMiX0FVX3lxTE1rb2VRRklZQlBSUEhHWmhna2NidGsxSkZNcEJxd2Rpb0JEOUlTVkJfUml3SkNOYlRfc2V6SFJjRnUzOHpxS0RrbjZMcjF4V096RWVNakZKN0Nsa0owY2tF0gFkQVVfeXFMTlVoNWF0dm44M0hjaWR6dXZmWDNjUndKRmh6QVEzZmFxdzFOTTR3UVlRYk5mMVJPc2VuNVBNSkRVWG8weUpmNTkwYU4wSW42Q2ZwenVJWmNVOFgxQURWZHFfZnZqdg?oc=5
[Google] 華新科等7檔5/15起打入處置 國巨等75檔列注意股 - 自由時報 → https://news.google.com/rss/articles/CBMiWEFVX3lxTE1qY1NURjlBeEgtM1dkc3VnWG9TRERzYmtORl9zSjF1VW1ydmxPelE0OWdJU2FWdGV2WGdjN3VQekJ2dEVEeUM0Y3VfdGJHWGZUSDYxLXZ0RkM?oc=5
[Google] 華新科(2492)- - 券商分點進出買賣統計-股市爆料同學會 - CMoney → https://news.google.com/rss/articles/CBMiakFVX3lxTFBlU2t0TVpLQmFxcXNkMHBmOHp6SUlwOEt5eE9Qb0FqaWw0SHlzNWJLZnZlZW5sUE9qMG0tSURMUFAyNExKcjFCd3dZRy1Nb1I0NFhuSm1RQnJXTXdfQ2VwcHkyUXMzeVFDV2c?oc=5
[MOPS] MOPS 重大訊息查詢頁（2492） → https://mops.twse.com.tw/mops/web/t05sr01_1?co_id=2492&b_date=1150401&e_date=1150518",5,1
2451,創見,TWSE,強勢觀察,8,336.0,75.5,3575,收盤 336.0 元，前段漲幅 +75.5%，ADR 6.48%，日均成交 3575M 台幣，量比 0.62x，10MA>20MA>50MA 多頭排列,"【2451 創見 — 強勢觀察】
收盤 336.0 元，前段漲幅 +75.5%，ADR 6.48%，日均成交 3575M 台幣，量比 0.62x，10MA>20MA>50MA 多頭排列

■ 媒體報導（Google News）
  • 創見(2451) 個股概覽 | 個股 - 股市 - CMoney
    創見(2451) 個股概覽 | 個股 - 股市&nbsp;&nbsp;CMoney
    https://news.google.com/rss/articles/CBMiU0FVX3lxTE5pc3NCalhTWXpYdTNVWWM3U3ZSY05sZ0R0V1gyUldKdFcxQ2hpOGlmWjZyWHRxN09qdGN2YTFiVV9DQ3lid1ZYeHRYTG1nSXM3akVz?oc=5
  • 2451 創見 - 最爛的記憶體-股市爆料同學會 - CMoney
    2451 創見 - 最爛的記憶體-股市爆料同學會&nbsp;&nbsp;CMoney
    https://news.google.com/rss/articles/CBMiXEFVX3lxTE5TZUZ6RkZGa01MYUZBOThoZHdWY0s4Yi1GalNVczgyNWFnblZrVGhhb0M2QTN6WE5oTGd4dTJQREZKdFp1TGNya3VFSDhpMWdDdEdyUEwxdE5aanVP?oc=5
  • 創見10月獲利年增2.4倍！ 股價連點5燈再創新高 分析師：繼續抱 - Yahoo股市
    創見10月獲利年增2.4倍！ 股價連點5燈再創新高 分析師：繼續抱&nbsp;&nbsp;Yahoo股市
    https://news.google.com/rss/articles/CBMikANBVV95cUxOVXp2YWlOSElPZktvWVU3b3NfNzBsX2REazI1N2FfU1M5WFNudFFDQVJsRlB5WWlWQ180TnNWR3FtbEtNZlFFRnBRY1BXVllNOWQ5UXVVbWlpc3BnaVBBZ2VJNm12aG44eF9HOXRQZkNmbXJ5TzN2S2xGbDU0NzJCdVlxcW1RLXpHSGcyUndxNTJ4eDAzOU8weVl5S2lpanZJV3NOWVZaWHlwcGk0TDZrUkdtOVFFNDFVTnJCSUZ5eUYwYzdJLXctdTJGdU1wNUl3LWJHUzByQ09UajQ5VlpEd3pLblNlU2dISUNFbWMzR0Y1b3hDVGl6VGxpZ2JBa1ZuVFg4SXdpVlFXUGQycWRUdzNMQ1U0Qmh6cWtGTy0tWmtkcEdrX1UwY1RxcVhqV3diWk51cXhNNXFHclBaUzlWb01SYjBwd2hPYUZ1VEFrMDUyYVM0a3NIRXVaeGJSZklpTEpPN25pQ1JRSXdNbFFqOW9Lc3oxT0luelZEMEN6ZnRHWU1qYWlROWJ5NTBsT1pG?oc=5
  • 2451 創見 - 量增賣股票 量縮買股票 不然你會被創見主力電的很慘 尤其投信...-股市爆料同學會 - CMoney
    2451 創見 - 量增賣股票 量縮買股票 不然你會被創見主力電的很慘 尤其投信...-股市爆料同學會&nbsp;&nbsp;CMoney
    https://news.google.com/rss/articles/CBMiXEFVX3lxTE5kZS1rTVktNDJUQlNncS1RSllKOHI1M2dqU0RMSW40bGpYRXlQSENmLUhEb1lpWFFER0tZaGRRLXlBVUZhdDYwbnFoYndLR2pIM0hMWXdtd1Z2Qjgy?oc=5
  • 2451 創見 - 創見的現金優勢與工控轉型-股市爆料同學會 - CMoney
    2451 創見 - 創見的現金優勢與工控轉型-股市爆料同學會&nbsp;&nbsp;CMoney
    https://news.google.com/rss/articles/CBMiWEFVX3lxTE5raVpxeEU5TWo2WkNGTUEtVXBFNGZUN1pZZ2g4QlJwNHg2U3QwSEpNYTVoVUpIcVBRaTVfeXFxaWNCdkl2a2gxdlJDT0tadU9TVDFQVXVEaFE?oc=5

■ 重大訊息公告（MOPS）
  • [2026-05-18] MOPS 重大訊息查詢頁（2451）
    https://mops.twse.com.tw/mops/web/t05sr01_1?co_id=2451&b_date=1150401&e_date=1150518
","[Google] 創見(2451) 個股概覽 | 個股 - 股市 - CMoney → https://news.google.com/rss/articles/CBMiU0FVX3lxTE5pc3NCalhTWXpYdTNVWWM3U3ZSY05sZ0R0V1gyUldKdFcxQ2hpOGlmWjZyWHRxN09qdGN2YTFiVV9DQ3lid1ZYeHRYTG1nSXM3akVz?oc=5
[Google] 2451 創見 - 最爛的記憶體-股市爆料同學會 - CMoney → https://news.google.com/rss/articles/CBMiXEFVX3lxTE5TZUZ6RkZGa01MYUZBOThoZHdWY0s4Yi1GalNVczgyNWFnblZrVGhhb0M2QTN6WE5oTGd4dTJQREZKdFp1TGNya3VFSDhpMWdDdEdyUEwxdE5aanVP?oc=5
[Google] 創見10月獲利年增2.4倍！ 股價連點5燈再創新高 分析師：繼續抱 - Yahoo股市 → https://news.google.com/rss/articles/CBMikANBVV95cUxOVXp2YWlOSElPZktvWVU3b3NfNzBsX2REazI1N2FfU1M5WFNudFFDQVJsRlB5WWlWQ180TnNWR3FtbEtNZlFFRnBRY1BXVllNOWQ5UXVVbWlpc3BnaVBBZ2VJNm12aG44eF9HOXRQZkNmbXJ5TzN2S2xGbDU0NzJCdVlxcW1RLXpHSGcyUndxNTJ4eDAzOU8weVl5S2lpanZJV3NOWVZaWHlwcGk0TDZrUkdtOVFFNDFVTnJCSUZ5eUYwYzdJLXctdTJGdU1wNUl3LWJHUzByQ09UajQ5VlpEd3pLblNlU2dISUNFbWMzR0Y1b3hDVGl6VGxpZ2JBa1ZuVFg4SXdpVlFXUGQycWRUdzNMQ1U0Qmh6cWtGTy0tWmtkcEdrX1UwY1RxcVhqV3diWk51cXhNNXFHclBaUzlWb01SYjBwd2hPYUZ1VEFrMDUyYVM0a3NIRXVaeGJSZklpTEpPN25pQ1JRSXdNbFFqOW9Lc3oxT0luelZEMEN6ZnRHWU1qYWlROWJ5NTBsT1pG?oc=5
[Google] 2451 創見 - 量增賣股票 量縮買股票 不然你會被創見主力電的很慘 尤其投信...-股市爆料同學會 - CMoney → https://news.google.com/rss/articles/CBMiXEFVX3lxTE5kZS1rTVktNDJUQlNncS1RSllKOHI1M2dqU0RMSW40bGpYRXlQSENmLUhEb1lpWFFER0tZaGRRLXlBVUZhdDYwbnFoYndLR2pIM0hMWXdtd1Z2Qjgy?oc=5
[Google] 2451 創見 - 創見的現金優勢與工控轉型-股市爆料同學會 - CMoney → https://news.google.com/rss/articles/CBMiWEFVX3lxTE5raVpxeEU5TWo2WkNGTUEtVXBFNGZUN1pZZ2g4QlJwNHg2U3QwSEpNYTVoVUpIcVBRaTVfeXFxaWNCdkl2a2gxdlJDT0tadU9TVDFQVXVEaFE?oc=5
[MOPS] MOPS 重大訊息查詢頁（2451） → https://mops.twse.com.tw/mops/web/t05sr01_1?co_id=2451&b_date=1150401&e_date=1150518",5,1
8210,勤誠,TWSE,強勢觀察,8,1410.0,70.5,4492,收盤 1410.0 元，前段漲幅 +70.5%，ADR 7.13%，日均成交 4492M 台幣，量比 0.47x，10MA>20MA>50MA 多頭排列,"【8210 勤誠 — 強勢觀察】
收盤 1410.0 元，前段漲幅 +70.5%，ADR 7.13%，日均成交 4492M 台幣，量比 0.47x，10MA>20MA>50MA 多頭排列

■ 媒體報導（Google News）
  • 勤誠(8210) 個股概覽 | 個股 - 股市 - CMoney
    勤誠(8210) 個股概覽 | 個股 - 股市&nbsp;&nbsp;CMoney
    https://news.google.com/rss/articles/CBMiU0FVX3lxTFBmWlpTUEdVMDNHV29jVG8zdFdyN2JsajhwVmlPTmMwRWdrV2tXX2xZcWRUbnhKR3djV3VOdHR4WGFsam04Sk9GcVctX0x5RkJOOFpz?oc=5
  • 國泰人壽豪擲93億元大買6386張勤誠！一舉超越創辦人成最大股東 - Yahoo股市
    國泰人壽豪擲93億元大買6386張勤誠！一舉超越創辦人成最大股東&nbsp;&nbsp;Yahoo股市
    https://news.google.com/rss/articles/CBMihANBVV95cUxOX1puYnlGWlEtdXQyYVlIYWRvRTIwZmZrRmN6N2ZrMXFhRTIwRjk5a19neWg4UjZHSnZaNVZPYUFSTU52ajVUM3dxbkhQWmNPMjh5TTFJUThUMHpURUJhdjUtdXl5ckpvcXNlRUJhR2xKZkNZLWYwcTJxTGtqa0JKUXN0VVF6V0pWRTdueVZaeVVJeVB0bnVObVVDWkNSX2dYNkRaWjBHREZFRXVLdnpGaTZqTFppdWRKSHh6OUhkOFo0eUxjUHVITkdqWUpuYkE0VFhGeVFHY19CZHRrUS16Z0cxejJCT0dzY3NvR1Z1X0N4R0hLcVNlUkt1NlFYSHlyOGlDT2lnVkxSNzdXbHpXbjVWLVFoVmtXbzRIanRzRXVkNGg5V3VuQkpoV0tQN29neFJCQV9wRlgxU0xMRlRaQThUWkhOcHB2dE1WQjNBY0FqZmY4WU00NVh0YnZ1QUN3a3BFbkRJeTIzYi1wSkVUbkR2V3pmVGhEZHZSeDE5UWZwWmU0?oc=5
  • AI伺服器火 鴻海、勤誠飄香 - Yahoo股市
    AI伺服器火 鴻海、勤誠飄香&nbsp;&nbsp;Yahoo股市
    https://news.google.com/rss/articles/CBMi2AFBVV95cUxNeUt0a0RFSTFHeFNuMm56d1dra3duZW5RdHJrY1NaWWRQaWRkaTdySTFCTkIxTlNOaGpOem9saEtLUnhFTHlXQ0hXOHE5YzBRV1JQUm02Vng5TTMzcjRlWFRtY0E0WVpmVEV5UDltUUkxa21xOHZOYmFXTHI5RUxGWkdXTFlzdEpqWWhHbHRINWlBSVNKdEZvUnFXc3llQm80MFNYR1ZJU282d29xZEw3SldLdTR6Z0g0cC1xd3VsVU84a0xyenBiMXVNaS1JTXZqM0FhSHQ3YlM?oc=5
  • 8210 勤誠 - 股價相對高檔時，出現長黑K棒，是主力開始出貨的訊號！ 高檔長...-股市爆料同學會 - CMoney
    8210 勤誠 - 股價相對高檔時，出現長黑K棒，是主力開始出貨的訊號！ 高檔長...-股市爆料同學會&nbsp;&nbsp;CMoney
    https://news.google.com/rss/articles/CBMiWEFVX3lxTFBCbVFGeEJTOHlMYS1ydDdFOG01MU5xZlQ5V3pFSDBaYkxzSmI2WFVEMFF0UEhidnN5b1FCOXJGQkxSczhxRFFJSW03NENPRVRuRFFGOEZXZ3k?oc=5
  • AI火力全開！勤誠3月營收25億「年增逾44％」 股價強彈重返千元俱樂部 - Yahoo股市
    AI火力全開！勤誠3月營收25億「年增逾44％」 股價強彈重返千元俱樂部&nbsp;&nbsp;Yahoo股市
    https://news.google.com/rss/articles/CBMiiANBVV95cUxQTXhQY2R2bndkejE1MEdvVzRxV2dueXo4RTlqSlFTeXNDZlRNN1NINTlLWnpvUV9OcFVSSmxTNGtsdXlRVmJETTh6RzMzcjY1YUNkYndSQUVCdXNEX01hbkd4V3FGMFRDREZReUJZbVZ1TTNkNFVSeXUwVHdUVGJUM01RWUI5WFlCX295R21hNHMxX08wbUUxMFItZlFUMldHQmstaVFxdTNKdVNzaENqTHNzbXJzMmJOQnlaNjR2em1oUUhtY1lTZzNIVjNUUTM2dmZIRDNMcG5EY09FcEJCUXBCQXpNX0gxVGFLcWRFdXhEd2hxUU4ydG1DaXhHXzd1Ym50a3JXUXZmTko3THU1V3lmaEdlOXJVclJsamRYM2tXbTZqRnhDTUhwdWs1LVo3OGdHYjVPSG9xSHN2ZUIwMGtkWDFSOU4wa0o4Wi1yOWE4V1ZWRjJQNzZSZU1uNGpKRWpXWTJQMWh0TXgxZTAwSTlWV0w0aDZTRmF1akVEeWZCYmhPaFBvaQ?oc=5

■ 重大訊息公告（MOPS）
  • [2026-05-18] MOPS 重大訊息查詢頁（8210）
    https://mops.twse.com.tw/mops/web/t05sr01_1?co_id=8210&b_date=1150401&e_date=1150518
","[Google] 勤誠(8210) 個股概覽 | 個股 - 股市 - CMoney → https://news.google.com/rss/articles/CBMiU0FVX3lxTFBmWlpTUEdVMDNHV29jVG8zdFdyN2JsajhwVmlPTmMwRWdrV2tXX2xZcWRUbnhKR3djV3VOdHR4WGFsam04Sk9GcVctX0x5RkJOOFpz?oc=5
[Google] 國泰人壽豪擲93億元大買6386張勤誠！一舉超越創辦人成最大股東 - Yahoo股市 → https://news.google.com/rss/articles/CBMihANBVV95cUxOX1puYnlGWlEtdXQyYVlIYWRvRTIwZmZrRmN6N2ZrMXFhRTIwRjk5a19neWg4UjZHSnZaNVZPYUFSTU52ajVUM3dxbkhQWmNPMjh5TTFJUThUMHpURUJhdjUtdXl5ckpvcXNlRUJhR2xKZkNZLWYwcTJxTGtqa0JKUXN0VVF6V0pWRTdueVZaeVVJeVB0bnVObVVDWkNSX2dYNkRaWjBHREZFRXVLdnpGaTZqTFppdWRKSHh6OUhkOFo0eUxjUHVITkdqWUpuYkE0VFhGeVFHY19CZHRrUS16Z0cxejJCT0dzY3NvR1Z1X0N4R0hLcVNlUkt1NlFYSHlyOGlDT2lnVkxSNzdXbHpXbjVWLVFoVmtXbzRIanRzRXVkNGg5V3VuQkpoV0tQN29neFJCQV9wRlgxU0xMRlRaQThUWkhOcHB2dE1WQjNBY0FqZmY4WU00NVh0YnZ1QUN3a3BFbkRJeTIzYi1wSkVUbkR2V3pmVGhEZHZSeDE5UWZwWmU0?oc=5
[Google] AI伺服器火 鴻海、勤誠飄香 - Yahoo股市 → https://news.google.com/rss/articles/CBMi2AFBVV95cUxNeUt0a0RFSTFHeFNuMm56d1dra3duZW5RdHJrY1NaWWRQaWRkaTdySTFCTkIxTlNOaGpOem9saEtLUnhFTHlXQ0hXOHE5YzBRV1JQUm02Vng5TTMzcjRlWFRtY0E0WVpmVEV5UDltUUkxa21xOHZOYmFXTHI5RUxGWkdXTFlzdEpqWWhHbHRINWlBSVNKdEZvUnFXc3llQm80MFNYR1ZJU282d29xZEw3SldLdTR6Z0g0cC1xd3VsVU84a0xyenBiMXVNaS1JTXZqM0FhSHQ3YlM?oc=5
[Google] 8210 勤誠 - 股價相對高檔時，出現長黑K棒，是主力開始出貨的訊號！ 高檔長...-股市爆料同學會 - CMoney → https://news.google.com/rss/articles/CBMiWEFVX3lxTFBCbVFGeEJTOHlMYS1ydDdFOG01MU5xZlQ5V3pFSDBaYkxzSmI2WFVEMFF0UEhidnN5b1FCOXJGQkxSczhxRFFJSW03NENPRVRuRFFGOEZXZ3k?oc=5
[Google] AI火力全開！勤誠3月營收25億「年增逾44％」 股價強彈重返千元俱樂部 - Yahoo股市 → https://news.google.com/rss/articles/CBMiiANBVV95cUxQTXhQY2R2bndkejE1MEdvVzRxV2dueXo4RTlqSlFTeXNDZlRNN1NINTlLWnpvUV9OcFVSSmxTNGtsdXlRVmJETTh6RzMzcjY1YUNkYndSQUVCdXNEX01hbkd4V3FGMFRDREZReUJZbVZ1TTNkNFVSeXUwVHdUVGJUM01RWUI5WFlCX295R21hNHMxX08wbUUxMFItZlFUMldHQmstaVFxdTNKdVNzaENqTHNzbXJzMmJOQnlaNjR2em1oUUhtY1lTZzNIVjNUUTM2dmZIRDNMcG5EY09FcEJCUXBCQXpNX0gxVGFLcWRFdXhEd2hxUU4ydG1DaXhHXzd1Ym50a3JXUXZmTko3THU1V3lmaEdlOXJVclJsamRYM2tXbTZqRnhDTUhwdWs1LVo3OGdHYjVPSG9xSHN2ZUIwMGtkWDFSOU4wa0o4Wi1yOWE4V1ZWRjJQNzZSZU1uNGpKRWpXWTJQMWh0TXgxZTAwSTlWV0w0aDZTRmF1akVEeWZCYmhPaFBvaQ?oc=5
[MOPS] MOPS 重大訊息查詢頁（8210） → https://mops.twse.com.tw/mops/web/t05sr01_1?co_id=8210&b_date=1150401&e_date=1150518",5,1
1560,中砂,TWSE,強勢觀察,8,642.0,66.3,1804,收盤 642.0 元，前段漲幅 +66.3%，ADR 5.53%，日均成交 1804M 台幣，量比 0.79x，10MA>20MA>50MA 多頭排列,"【1560 中砂 — 強勢觀察】
收盤 642.0 元，前段漲幅 +66.3%，ADR 5.53%，日均成交 1804M 台幣，量比 0.79x，10MA>20MA>50MA 多頭排列

■ 媒體報導（Google News）
  • 中砂（1560）做什麼、法說有何重點？2026年第一季EPS達2.94元，三大事業部齊揚、晶圓產能擴充在即，全年營收衝高可期｜股市話題 - sinotrade.com.tw
    中砂（1560）做什麼、法說有何重點？2026年第一季EPS達2.94元，三大事業部齊揚、晶圓產能擴充在即，全年營收衝高可期｜股市話題&nbsp;&nbsp;sinotrade.com.tw
    https://news.google.com/rss/articles/CBMiqwVBVV95cUxQa09QVGFrN0lBOVdvM2ZaZ1FLSDBNMk53TGM4ZW5iQ2NuUklsQV9GZlRGR00tUmRHVFZuS1dKWkdGNUg5RDZVYWNueHdzTjhGb1ZQUzlzZEVtakZWdm50UEJSZXJBYmstX2RVeGZIS2x3RzVfaUl5bU1saFVoU1VxYVlzbW1vX2lMWTMyX2RvQ1B0Y1lNZFR3cXdfanUzNWYwaG9OQ3llbkJrSFVWM2xKSzNXUmR2Y1dHbkFXdlRxdlVNNWQyQ0NZUkVYbkFXR3IxNlZZaFJEeWNmMVFEenA2M3ZPS3d5YkxnUmpjR1U3WlFLeVd0T3p4T2p6dm9HekQ3NnZOYlp6WWFRN0xwVFNPR2F0OVBhSGVaTDdHZmhzb215Si1nNHNpLWYwUVVvYmdjVEx3NjV6cGlOcndSajRyNUZmUFJzSm40WTR5cHRCREVqaHY5QzI3eXpZay1ZczcycGNJRlRnckxpNmZkUUhISXBGTnppbEVScnF5M0FzMGhnM3dGQ0xqVGlobkpQdFUzSzJSR1NzV0xvMlJOQ0cyS2hpTE5NV3QteUJLeGNyMnA2NFpPX1dvZGlQUHM2ellqeEFOOFpXb2pQb3RfWEpKbmxjVzYxMklLSEx6NG1DYUliMzJrSTR3eWtCZEwwUVRZazF6NHl0Q1YtRmZENl9uUlBmUlFTTXlBTFE1ZmJNeGF1M2oxSzlfaU45bDk0dU5wanotUXI1NTN5Z0ktWDBWLVBXeFZjaEM0NWRTUEtFbVdMNi01d2FTYzF6MXFxZGhud1VPU2ZCbmdOSmxtMTNGbGFpR29DSUFYTXlfUDV2Q0cyc2NCZmZZeUFOVks4aG0xcjVFYnlWZldCa1FXYWRsN3k1LXFWTDRJak42SkhiR2hsR3Y0aENsUWd5OA?oc=5
  • 中砂(1560)- - 券商分點進出買賣統計-股市爆料同學會 - CMoney
    中砂(1560)- - 券商分點進出買賣統計-股市爆料同學會&nbsp;&nbsp;CMoney
    https://news.google.com/rss/articles/CBMiakFVX3lxTE5yTTREMmtfWG55OUFnd3hNanBsVV85VlRrekZIb3hLMFJ3ZDhSYzYyN1A0aHJCd1I5YjNHbHg0M2xxdmk2VElNbkJOS0RUT0lWNkthdjNHNXk2UzRZTGJWVVJxV0pmVmJMRWc?oc=5
  • 中砂(1560)- - 券商分點進出買賣統計-股市爆料同學會 - CMoney
    中砂(1560)- - 券商分點進出買賣統計-股市爆料同學會&nbsp;&nbsp;CMoney
    https://news.google.com/rss/articles/CBMiakFVX3lxTE1oV21GcFNoUV9pN1l3OFhaeDJfVnVNalZObGNlV2x3ZElPVlA5MW43eFU0TEQ4elZ2ajF3X2dXalZGcTE1MGh0aHg0Ul95TVlvcTBqLXZxT184cVlZWUlTTFg3RG5ORVNRZmc?oc=5
  • 中砂元月 EPS 0.88元 - UDN
    中砂元月 EPS 0.88元&nbsp;&nbsp;UDN
    https://news.google.com/rss/articles/CBMiUEFVX3lxTE8xNGs5NlppQjN0clF1Q0dZVHZEN3pTMVJwRUh5Ty02MUw3N09SZGFoU2VrSG02NUg2R2dTRWVJWUFOa1B1cTE5dUZiTGo4QW9m0gFWQVVfeXFMTWRER3FkUnlzX0NlZXVKcThTc05BOEVDRXBqTUJiQTkyRjRyYUQ3VFNPdWNKSkU3WXdZV0VxZ2dQWV9CQThRWVF3aVpZV2JUb2t2d2ROdGc?oc=5
  • 【即時新聞】中砂(1560)遭列注意股公布最新獲利！一月EPS達0.88元，年增近七成 - CMoney投資網誌
    【即時新聞】中砂(1560)遭列注意股公布最新獲利！一月EPS達0.88元，年增近七成&nbsp;&nbsp;CMoney投資網誌
    https://news.google.com/rss/articles/CBMikAFBVV95cUxNb2x0UlNZbi12TTh1TTlwQ1d3N0VaRFV3V3VESzlCZTd2bktNWnJsSDBRM0ZQaktKQ2tPQVpPQzJsQlRXQWtaU0ZxZkVBU09GRTR1Qm9SVlhPazlseXFjdC1tWjlVTk1rLUNacE9JYVN4QURxWGNQZTVERml2SXhTaHJyeFBtLU9RU1NPNlpxckE?oc=5

■ 重大訊息公告（MOPS）
  • [2026-05-18] MOPS 重大訊息查詢頁（1560）
    https://mops.twse.com.tw/mops/web/t05sr01_1?co_id=1560&b_date=1150401&e_date=1150518
","[Google] 中砂（1560）做什麼、法說有何重點？2026年第一季EPS達2.94元，三大事業部齊揚、晶圓產能擴充在即，全年營收衝高可期｜股市話題 - sinotrade.com.tw → https://news.google.com/rss/articles/CBMiqwVBVV95cUxQa09QVGFrN0lBOVdvM2ZaZ1FLSDBNMk53TGM4ZW5iQ2NuUklsQV9GZlRGR00tUmRHVFZuS1dKWkdGNUg5RDZVYWNueHdzTjhGb1ZQUzlzZEVtakZWdm50UEJSZXJBYmstX2RVeGZIS2x3RzVfaUl5bU1saFVoU1VxYVlzbW1vX2lMWTMyX2RvQ1B0Y1lNZFR3cXdfanUzNWYwaG9OQ3llbkJrSFVWM2xKSzNXUmR2Y1dHbkFXdlRxdlVNNWQyQ0NZUkVYbkFXR3IxNlZZaFJEeWNmMVFEenA2M3ZPS3d5YkxnUmpjR1U3WlFLeVd0T3p4T2p6dm9HekQ3NnZOYlp6WWFRN0xwVFNPR2F0OVBhSGVaTDdHZmhzb215Si1nNHNpLWYwUVVvYmdjVEx3NjV6cGlOcndSajRyNUZmUFJzSm40WTR5cHRCREVqaHY5QzI3eXpZay1ZczcycGNJRlRnckxpNmZkUUhISXBGTnppbEVScnF5M0FzMGhnM3dGQ0xqVGlobkpQdFUzSzJSR1NzV0xvMlJOQ0cyS2hpTE5NV3QteUJLeGNyMnA2NFpPX1dvZGlQUHM2ellqeEFOOFpXb2pQb3RfWEpKbmxjVzYxMklLSEx6NG1DYUliMzJrSTR3eWtCZEwwUVRZazF6NHl0Q1YtRmZENl9uUlBmUlFTTXlBTFE1ZmJNeGF1M2oxSzlfaU45bDk0dU5wanotUXI1NTN5Z0ktWDBWLVBXeFZjaEM0NWRTUEtFbVdMNi01d2FTYzF6MXFxZGhud1VPU2ZCbmdOSmxtMTNGbGFpR29DSUFYTXlfUDV2Q0cyc2NCZmZZeUFOVks4aG0xcjVFYnlWZldCa1FXYWRsN3k1LXFWTDRJak42SkhiR2hsR3Y0aENsUWd5OA?oc=5
[Google] 中砂(1560)- - 券商分點進出買賣統計-股市爆料同學會 - CMoney → https://news.google.com/rss/articles/CBMiakFVX3lxTE5yTTREMmtfWG55OUFnd3hNanBsVV85VlRrekZIb3hLMFJ3ZDhSYzYyN1A0aHJCd1I5YjNHbHg0M2xxdmk2VElNbkJOS0RUT0lWNkthdjNHNXk2UzRZTGJWVVJxV0pmVmJMRWc?oc=5
[Google] 中砂(1560)- - 券商分點進出買賣統計-股市爆料同學會 - CMoney → https://news.google.com/rss/articles/CBMiakFVX3lxTE1oV21GcFNoUV9pN1l3OFhaeDJfVnVNalZObGNlV2x3ZElPVlA5MW43eFU0TEQ4elZ2ajF3X2dXalZGcTE1MGh0aHg0Ul95TVlvcTBqLXZxT184cVlZWUlTTFg3RG5ORVNRZmc?oc=5
[Google] 中砂元月 EPS 0.88元 - UDN → https://news.google.com/rss/articles/CBMiUEFVX3lxTE8xNGs5NlppQjN0clF1Q0dZVHZEN3pTMVJwRUh5Ty02MUw3N09SZGFoU2VrSG02NUg2R2dTRWVJWUFOa1B1cTE5dUZiTGo4QW9m0gFWQVVfeXFMTWRER3FkUnlzX0NlZXVKcThTc05BOEVDRXBqTUJiQTkyRjRyYUQ3VFNPdWNKSkU3WXdZV0VxZ2dQWV9CQThRWVF3aVpZV2JUb2t2d2ROdGc?oc=5
[Google] 【即時新聞】中砂(1560)遭列注意股公布最新獲利！一月EPS達0.88元，年增近七成 - CMoney投資網誌 → https://news.google.com/rss/articles/CBMikAFBVV95cUxNb2x0UlNZbi12TTh1TTlwQ1d3N0VaRFV3V3VESzlCZTd2bktNWnJsSDBRM0ZQaktKQ2tPQVpPQzJsQlRXQWtaU0ZxZkVBU09GRTR1Qm9SVlhPazlseXFjdC1tWjlVTk1rLUNacE9JYVN4QURxWGNQZTVERml2SXhTaHJyeFBtLU9RU1NPNlpxckE?oc=5
[MOPS] MOPS 重大訊息查詢頁（1560） → https://mops.twse.com.tw/mops/web/t05sr01_1?co_id=1560&b_date=1150401&e_date=1150518",5,1
6446,藥華藥,TWSE,EP 情境轉折,8,826.0,42.9,1993,收盤 826.0 元，前段漲幅 +42.9%，ADR 4.13%，日均成交 1993M 台幣，量比 2.49x，今日跳空 +5.63%（EP 突破訊號），10MA>20MA>50MA 多頭排列,"【6446 藥華藥 — EP 情境轉折】
收盤 826.0 元，前段漲幅 +42.9%，ADR 4.13%，日均成交 1993M 台幣，量比 2.49x，今日跳空 +5.63%（EP 突破訊號），10MA>20MA>50MA 多頭排列

■ 媒體報導（Google News）
  • 藥華藥（6446）做什麼、法說有何重點？Q1 EPS 5.79元年增69%、營益率突破40%，ET藥證衝刺全球多國｜股市話題 - sinotrade.com.tw
    藥華藥（6446）做什麼、法說有何重點？Q1 EPS 5.79元年增69%、營益率突破40%，ET藥證衝刺全球多國｜股市話題&nbsp;&nbsp;sinotrade.com.tw
    https://news.google.com/rss/articles/CBMipARBVV95cUxPbWwxb0JRNHFRQ1lWX1BOUzdNRVc0VWlvdmg2Ym1BZHlqMzAzUnkxalNqOWgwdWJiZFM2anpIR0NWYmt1TDJUSmFDZVZBOUhqQ2N5OF9tNFJHamJGcDNJajlCZG9OWGhRdHBkckFCanpZVjVKM1R1ZTFoRXNtWUxhc18tTzJoWk84anNQWmYxQkRoN3kzNGw3dU4yeTRWM0hxUEpTeEc2WFMwQ1RSaFpKRm9McTctUS1EcmxXcjlidmhDMUVsYVNwRHJGb0hyTzVCM2R0U2Y1RWxpckxlV3ZlZFVaVnBkQUY3djFwVkRzak90RUtlMVU0OGlFNWVZM0hpQ2t1c1R5Qk41NkJiS29Ia2RLWnRCYXo5NTMyX3pyeDdhWW9BbnN3MFFwMVdEYndURGkyeThWcmJ4QlJfREhUQ3l3MEUzZHFFZXFod2JUb2xTZnFRX1d5WnYzdjRyeHk0RmtubEZQQVhSZGkwamtFRWhadURFdEJROWZkX3RMckhKTUNwbEVpM3NuSG1LU1FBV0NNTHlIMlFxX0pzOS15NUFQbm9nODV4X3N4RnZ5X0NvbXNYbDRxbTJfcW52Y1FuRV8zSTgxOFRuckx6VFd5Y3NOR25UUzlZb2dSLW84MlZSS0loSmNHY0p1bVNkQlQ0bEEwdnEwTXRnYUFLRXI2ZmZrXzRRRnlsejB6ZW9zTHVFc3FLR0JOMEMySndiaE9XZlBCcg?oc=5
  • 藥華藥報喜！新藥拿下台灣ET藥證 股價亮燈漲停 - Yahoo股市
    藥華藥報喜！新藥拿下台灣ET藥證 股價亮燈漲停&nbsp;&nbsp;Yahoo股市
    https://news.google.com/rss/articles/CBMizwJBVV95cUxNNmRMU1h3ak9kek84MHRCTFQzcUZvRHpnR0FVeTZwZkpQOTN2MFEyb2FtM2prZ0x1R3VnMmx6cklHVEVzYWhiYlJ0c2k1d2ZYSHFHcTVkbW03SFF1NDFGR1NKQWFEX0VfbzZKTU5KQVVkUm5OODNZQTdoMVNtUHhWb01lR091b3FVYmFqSUZiRlVrM1NGYjd5TTVibG5tTTlacUFwT1F4R1F4MU9nTVdlMW4zU1JPMFFxN2s4Z1R4OXdsdEJfRUxyVm1RZGMxM3R4VUlQdVB5elhiWFp6MHR2SXU4elZsR2lDT1gtOFZmYnRLeTA0MTJVRm9rT1NXcGRUWE0tNDA3dzhHN0pzeGVmeUcxMm1LX0gtN2pWc29mdUR3dEphUERrUHZUY0hsMHctQS1USTF4b0MtbWlKRndCZVRjYVp0Tk8zWUZPejlDbw?oc=5
  • 藥華藥(6446)- - 券商分點進出買賣統計-股市爆料同學會 - CMoney
    藥華藥(6446)- - 券商分點進出買賣統計-股市爆料同學會&nbsp;&nbsp;CMoney
    https://news.google.com/rss/articles/CBMiakFVX3lxTFBSZ05wb25mYVp6RFdYN0NtSlRxU2wyNGpTLVlKMDRETDN6S05QOW5VQVc5TGdOOE5kQ3ZBdHdwdktTaUEtSE1iX0p1dFlvSUNvWTF3cUhGZ1hlS25tZ2JzeVplOWxlYXBHTnc?oc=5
  • 藥華藥(6446) Ropeg於臺灣率先獲全球首張原發性血小板過多症（ET）核准函 創ET治療重要里程碑 MPN版圖擴張迎關鍵突破(5/13日股價782元) - genetinfo.com
    藥華藥(6446) Ropeg於臺灣率先獲全球首張原發性血小板過多症（ET）核准函 創ET治療重要里程碑 MPN版圖擴張迎關鍵突破(5/13日股價782元)&nbsp;&nbsp;genetinfo.com
    https://news.google.com/rss/articles/CBMibkFVX3lxTE5xUWVnWnRjZzd1VmVaOXlXQkFybUVwLXJKVEpTUTFyTDgyQXM4M2ZFdG9zcFQzRW9EdERaTzlxVjBiZVJYVVBvMzRkb3F3eW5nSDJJbWd5U1E0VHdmYTJIcDJuWkYzMFZjU0pGWXZ3?oc=5
  • 焦點股》藥華藥：拿到台灣ET藥證 股價飆漲停 - 自由財經
    焦點股》藥華藥：拿到台灣ET藥證 股價飆漲停&nbsp;&nbsp;自由財經
    https://news.google.com/rss/articles/CBMiX0FVX3lxTFBRZXVZVDEtb2NvdHhDMUlmdmlpdk9teWNURXUxTnMySG1FUzhmUFRad0plYkw2dzdPcVdhZW9KS1VJRVJlc1pkeGVGZkd0R2tDT21jZFhrbHhZdk90TnF30gFkQVVfeXFMT1FGVWx3dkRlVFp4SjFXZHYzNWJ4S2pZZjVXbWVwYTVoQnkwRk54V0NMVEhwVEs4V3dOYkoyVnE0OFlqYnBuWDRXS3hRb2lETW1uS3kxNXZ1UDB3aW1GUEJCYkNmRg?oc=5

■ 重大訊息公告（MOPS）
  • [2026-05-18] MOPS 重大訊息查詢頁（6446）
    https://mops.twse.com.tw/mops/web/t05sr01_1?co_id=6446&b_date=1150401&e_date=1150518
","[Google] 藥華藥（6446）做什麼、法說有何重點？Q1 EPS 5.79元年增69%、營益率突破40%，ET藥證衝刺全球多國｜股市話題 - sinotrade.com.tw → https://news.google.com/rss/articles/CBMipARBVV95cUxPbWwxb0JRNHFRQ1lWX1BOUzdNRVc0VWlvdmg2Ym1BZHlqMzAzUnkxalNqOWgwdWJiZFM2anpIR0NWYmt1TDJUSmFDZVZBOUhqQ2N5OF9tNFJHamJGcDNJajlCZG9OWGhRdHBkckFCanpZVjVKM1R1ZTFoRXNtWUxhc18tTzJoWk84anNQWmYxQkRoN3kzNGw3dU4yeTRWM0hxUEpTeEc2WFMwQ1RSaFpKRm9McTctUS1EcmxXcjlidmhDMUVsYVNwRHJGb0hyTzVCM2R0U2Y1RWxpckxlV3ZlZFVaVnBkQUY3djFwVkRzak90RUtlMVU0OGlFNWVZM0hpQ2t1c1R5Qk41NkJiS29Ia2RLWnRCYXo5NTMyX3pyeDdhWW9BbnN3MFFwMVdEYndURGkyeThWcmJ4QlJfREhUQ3l3MEUzZHFFZXFod2JUb2xTZnFRX1d5WnYzdjRyeHk0RmtubEZQQVhSZGkwamtFRWhadURFdEJROWZkX3RMckhKTUNwbEVpM3NuSG1LU1FBV0NNTHlIMlFxX0pzOS15NUFQbm9nODV4X3N4RnZ5X0NvbXNYbDRxbTJfcW52Y1FuRV8zSTgxOFRuckx6VFd5Y3NOR25UUzlZb2dSLW84MlZSS0loSmNHY0p1bVNkQlQ0bEEwdnEwTXRnYUFLRXI2ZmZrXzRRRnlsejB6ZW9zTHVFc3FLR0JOMEMySndiaE9XZlBCcg?oc=5
[Google] 藥華藥報喜！新藥拿下台灣ET藥證 股價亮燈漲停 - Yahoo股市 → https://news.google.com/rss/articles/CBMizwJBVV95cUxNNmRMU1h3ak9kek84MHRCTFQzcUZvRHpnR0FVeTZwZkpQOTN2MFEyb2FtM2prZ0x1R3VnMmx6cklHVEVzYWhiYlJ0c2k1d2ZYSHFHcTVkbW03SFF1NDFGR1NKQWFEX0VfbzZKTU5KQVVkUm5OODNZQTdoMVNtUHhWb01lR091b3FVYmFqSUZiRlVrM1NGYjd5TTVibG5tTTlacUFwT1F4R1F4MU9nTVdlMW4zU1JPMFFxN2s4Z1R4OXdsdEJfRUxyVm1RZGMxM3R4VUlQdVB5elhiWFp6MHR2SXU4elZsR2lDT1gtOFZmYnRLeTA0MTJVRm9rT1NXcGRUWE0tNDA3dzhHN0pzeGVmeUcxMm1LX0gtN2pWc29mdUR3dEphUERrUHZUY0hsMHctQS1USTF4b0MtbWlKRndCZVRjYVp0Tk8zWUZPejlDbw?oc=5
[Google] 藥華藥(6446)- - 券商分點進出買賣統計-股市爆料同學會 - CMoney → https://news.google.com/rss/articles/CBMiakFVX3lxTFBSZ05wb25mYVp6RFdYN0NtSlRxU2wyNGpTLVlKMDRETDN6S05QOW5VQVc5TGdOOE5kQ3ZBdHdwdktTaUEtSE1iX0p1dFlvSUNvWTF3cUhGZ1hlS25tZ2JzeVplOWxlYXBHTnc?oc=5
[Google] 藥華藥(6446) Ropeg於臺灣率先獲全球首張原發性血小板過多症（ET）核准函 創ET治療重要里程碑 MPN版圖擴張迎關鍵突破(5/13日股價782元) - genetinfo.com → https://news.google.com/rss/articles/CBMibkFVX3lxTE5xUWVnWnRjZzd1VmVaOXlXQkFybUVwLXJKVEpTUTFyTDgyQXM4M2ZFdG9zcFQzRW9EdERaTzlxVjBiZVJYVVBvMzRkb3F3eW5nSDJJbWd5U1E0VHdmYTJIcDJuWkYzMFZjU0pGWXZ3?oc=5
[Google] 焦點股》藥華藥：拿到台灣ET藥證 股價飆漲停 - 自由財經 → https://news.google.com/rss/articles/CBMiX0FVX3lxTFBRZXVZVDEtb2NvdHhDMUlmdmlpdk9teWNURXUxTnMySG1FUzhmUFRad0plYkw2dzdPcVdhZW9KS1VJRVJlc1pkeGVGZkd0R2tDT21jZFhrbHhZdk90TnF30gFkQVVfeXFMT1FGVWx3dkRlVFp4SjFXZHYzNWJ4S2pZZjVXbWVwYTVoQnkwRk54V0NMVEhwVEs4V3dOYkoyVnE0OFlqYnBuWDRXS3hRb2lETW1uS3kxNXZ1UDB3aW1GUEJCYkNmRg?oc=5
[MOPS] MOPS 重大訊息查詢頁（6446） → https://mops.twse.com.tw/mops/web/t05sr01_1?co_id=6446&b_date=1150401&e_date=1150518",5,1
2383,台光電,TWSE,強勢觀察,7,4615.0,150.8,13605,收盤 4615.0 元，前段漲幅 +150.8%，ADR 5.94%，日均成交 13605M 台幣，量比 0.87x,"【2383 台光電 — 強勢觀察】
收盤 4615.0 元，前段漲幅 +150.8%，ADR 5.94%，日均成交 13605M 台幣，量比 0.87x

■ 媒體報導（Google News）
  • 千金股解密—台光電2383 - 自由時報
    千金股解密—台光電2383&nbsp;&nbsp;自由時報
    https://news.google.com/rss/articles/CBMiWEFVX3lxTE0yLTNTektKM252WENfRlcxbGhpRDFibVFUNm9QTE5oeVhaUEV4VV9BQ0ZEUUdmMVpIV3dITVctVWh4Nm1BS0lNRGh3dXk0cDhMVjFySDA1ODg?oc=5
  • 台光電(2383) 今日股價與討論-股市爆料同學會 - CMoney
    台光電(2383) 今日股價與討論-股市爆料同學會&nbsp;&nbsp;CMoney
    https://news.google.com/rss/articles/CBMi3AFBVV95cUxOaXJTVkFDRFdDbmVBQ0lReV91VVNDXy1rbnhDb2ZRcDBUaktCS0NzeHc0ZmhldWQ2RXN0QWlMLUc4bmdzWXJZd05nWDBxaDZVcGs1UUJxamNTN0pkb1lkUzd0Vk5wTlpEVnA1OWloTjdSeTNYay04M05BaVpmZDJoSTJKaEVnMVpJUTdseXF5MDJhQUNwV2hHaDN6WGNzaDdVU1g2QzNOQkl6ZFZtX1Bsa0lseXNnVi1pS0ppOElwUlI2VzQ1TW9vMXVFMjJTaTNlMzVkWEExRV9qNjVO?oc=5
  • 台光電(2383)- - 券商分點進出買賣統計-股市爆料同學會 - CMoney
    台光電(2383)- - 券商分點進出買賣統計-股市爆料同學會&nbsp;&nbsp;CMoney
    https://news.google.com/rss/articles/CBMiakFVX3lxTE1jc3AxbFhfVmVkNmF1S1hBOFlkSUllRWMwc2ROMlVzSDdJYlBuMlI1MUpNbGtCaXM0c08zcWZxa3RDR2J0NFNKYXVuOHBpaGFja0FmYUJPeWprdUtLZmhMemZxX1F1RkJvZEE?oc=5
  • 台光電(2383)飆破4800 該下車了？「賣股2 鐵則」必看！不敢買千金股... 達人欽點「這檔」不到百元獲利肉更多？ - 優分析UAnalyze
    台光電(2383)飆破4800 該下車了？「賣股2 鐵則」必看！不敢買千金股... 達人欽點「這檔」不到百元獲利肉更多？&nbsp;&nbsp;優分析UAnalyze
    https://news.google.com/rss/articles/CBMiVkFVX3lxTFAwVXV5eWJKQTRuVmNWT2NPbHF1SEt5T2RzUGpYTXp2X1ZyYXFOdFpwc1QwLUVQcDNmV1FFX3JuZzJ3QnhMZk8tNU9hZlZPUjhBdTRDSHV3?oc=5
  • 台光電(2383)- - 券商分點進出買賣統計-股市爆料同學會 - CMoney
    台光電(2383)- - 券商分點進出買賣統計-股市爆料同學會&nbsp;&nbsp;CMoney
    https://news.google.com/rss/articles/CBMiakFVX3lxTE9NT2tJbDZtVlhXVXY4N00yUlhwNFYzcHhXUk9WdTBUMjF2VFNzVEs5aTVkQU1YdVhDbFdhNTZmS3hYSkNBdE1DMXFDTmNHcS1WXzZqUzRqVG0yR0hkNUJFRXNTLW5MVEYwRWc?oc=5

■ 重大訊息公告（MOPS）
  • [2026-05-18] MOPS 重大訊息查詢頁（2383）
    https://mops.twse.com.tw/mops/web/t05sr01_1?co_id=2383&b_date=1150401&e_date=1150518
","[Google] 千金股解密—台光電2383 - 自由時報 → https://news.google.com/rss/articles/CBMiWEFVX3lxTE0yLTNTektKM252WENfRlcxbGhpRDFibVFUNm9QTE5oeVhaUEV4VV9BQ0ZEUUdmMVpIV3dITVctVWh4Nm1BS0lNRGh3dXk0cDhMVjFySDA1ODg?oc=5
[Google] 台光電(2383) 今日股價與討論-股市爆料同學會 - CMoney → https://news.google.com/rss/articles/CBMi3AFBVV95cUxOaXJTVkFDRFdDbmVBQ0lReV91VVNDXy1rbnhDb2ZRcDBUaktCS0NzeHc0ZmhldWQ2RXN0QWlMLUc4bmdzWXJZd05nWDBxaDZVcGs1UUJxamNTN0pkb1lkUzd0Vk5wTlpEVnA1OWloTjdSeTNYay04M05BaVpmZDJoSTJKaEVnMVpJUTdseXF5MDJhQUNwV2hHaDN6WGNzaDdVU1g2QzNOQkl6ZFZtX1Bsa0lseXNnVi1pS0ppOElwUlI2VzQ1TW9vMXVFMjJTaTNlMzVkWEExRV9qNjVO?oc=5
[Google] 台光電(2383)- - 券商分點進出買賣統計-股市爆料同學會 - CMoney → https://news.google.com/rss/articles/CBMiakFVX3lxTE1jc3AxbFhfVmVkNmF1S1hBOFlkSUllRWMwc2ROMlVzSDdJYlBuMlI1MUpNbGtCaXM0c08zcWZxa3RDR2J0NFNKYXVuOHBpaGFja0FmYUJPeWprdUtLZmhMemZxX1F1RkJvZEE?oc=5
[Google] 台光電(2383)飆破4800 該下車了？「賣股2 鐵則」必看！不敢買千金股... 達人欽點「這檔」不到百元獲利肉更多？ - 優分析UAnalyze → https://news.google.com/rss/articles/CBMiVkFVX3lxTFAwVXV5eWJKQTRuVmNWT2NPbHF1SEt5T2RzUGpYTXp2X1ZyYXFOdFpwc1QwLUVQcDNmV1FFX3JuZzJ3QnhMZk8tNU9hZlZPUjhBdTRDSHV3?oc=5
[Google] 台光電(2383)- - 券商分點進出買賣統計-股市爆料同學會 - CMoney → https://news.google.com/rss/articles/CBMiakFVX3lxTE9NT2tJbDZtVlhXVXY4N00yUlhwNFYzcHhXUk9WdTBUMjF2VFNzVEs5aTVkQU1YdVhDbFdhNTZmS3hYSkNBdE1DMXFDTmNHcS1WXzZqUzRqVG0yR0hkNUJFRXNTLW5MVEYwRWc?oc=5
[MOPS] MOPS 重大訊息查詢頁（2383） → https://mops.twse.com.tw/mops/web/t05sr01_1?co_id=2383&b_date=1150401&e_date=1150518",5,1
7750,新代,TWSE,強勢觀察,7,2555.0,150.0,1776,收盤 2555.0 元，前段漲幅 +150.0%，ADR 7.12%，日均成交 1776M 台幣，量比 1.21x,"【7750 新代 — 強勢觀察】
收盤 2555.0 元，前段漲幅 +150.0%，ADR 7.12%，日均成交 1776M 台幣，量比 1.21x

■ 媒體報導（Google News）
  • 7750 新代- 新代-股市爆料同學會 - CMoney
    7750 新代- 新代-股市爆料同學會&nbsp;&nbsp;CMoney
    https://news.google.com/rss/articles/CBMiWEFVX3lxTE9aZGxMSnhzeDk0enN1eFlTNlZOWE5DYjg5RTI4ZFhUcDJsVGtIaHliWGo1eWhRa2ZGS1RkV2dDRnQ5UUlRcVF1UEs0SXdHZ0UtMXl6MnVwR1A?oc=5
  • 機器人股王！新代(7750)AI機器人小腦發威 股價上看4000元 - moneyweekly.com.tw
    機器人股王！新代(7750)AI機器人小腦發威 股價上看4000元&nbsp;&nbsp;moneyweekly.com.tw
    https://news.google.com/rss/articles/CBMib0FVX3lxTE8tVmh3UlBHUDBKNmdJOFBBZ3ljOTNXdFk2aFpHXy05OWpZWklOQmYyU1dkc3E4R1FjWlVWTXBjX01oQTFROHltTXAxdHhSZFNSZzFMbkNEZlNJUl8xXzlqaFRJMzliOWRUN2NvdkxVVQ?oc=5
  • 7750 新代- 新代產能規劃-股市爆料同學會 - CMoney
    7750 新代- 新代產能規劃-股市爆料同學會&nbsp;&nbsp;CMoney
    https://news.google.com/rss/articles/CBMiWEFVX3lxTE9uTHNHVldROEdKSC14Y2Vmdk1IMm91VUU3dkxtWTYwcU80V2xFWmtvcHUzRzM2MGdUUWRWVkc3clRIT0JLM1luWGJqTzNCVkZLbGkyTWVKTDY?oc=5
  • 新代(7750)- - 券商分點進出買賣統計-股市爆料同學會 - CMoney
    新代(7750)- - 券商分點進出買賣統計-股市爆料同學會&nbsp;&nbsp;CMoney
    https://news.google.com/rss/articles/CBMiakFVX3lxTFBMWkg4ZzZyWjUyVlg5RW9pZG4tWWZLYXYyaVU4ODdjLW9vZVZ5ZVMzMEdHeGJNLVR3VEhoakZtMkVZeFh3OUhhT3FNd1dFQkZxT2x2RDlxRmFTZUd2UzR6VFIyQi1HUjRJM1E?oc=5
  • 7750 新代- 千金日記-股市爆料同學會 - CMoney
    7750 新代- 千金日記-股市爆料同學會&nbsp;&nbsp;CMoney
    https://news.google.com/rss/articles/CBMiWEFVX3lxTE03bGRpTG9Kb2QtM0Z0QmhuUTNtRkhKS2JmQ1REZ2tXZmEtbVZkQVkxUE5oZzhLSjJYdUpkcERJSC1SZ0F3anJQa0VQemdlajFJam9JREJQNDg?oc=5

■ 重大訊息公告（MOPS）
  • [2026-05-18] MOPS 重大訊息查詢頁（7750）
    https://mops.twse.com.tw/mops/web/t05sr01_1?co_id=7750&b_date=1150401&e_date=1150518
","[Google] 7750 新代- 新代-股市爆料同學會 - CMoney → https://news.google.com/rss/articles/CBMiWEFVX3lxTE9aZGxMSnhzeDk0enN1eFlTNlZOWE5DYjg5RTI4ZFhUcDJsVGtIaHliWGo1eWhRa2ZGS1RkV2dDRnQ5UUlRcVF1UEs0SXdHZ0UtMXl6MnVwR1A?oc=5
[Google] 機器人股王！新代(7750)AI機器人小腦發威 股價上看4000元 - moneyweekly.com.tw → https://news.google.com/rss/articles/CBMib0FVX3lxTE8tVmh3UlBHUDBKNmdJOFBBZ3ljOTNXdFk2aFpHXy05OWpZWklOQmYyU1dkc3E4R1FjWlVWTXBjX01oQTFROHltTXAxdHhSZFNSZzFMbkNEZlNJUl8xXzlqaFRJMzliOWRUN2NvdkxVVQ?oc=5
[Google] 7750 新代- 新代產能規劃-股市爆料同學會 - CMoney → https://news.google.com/rss/articles/CBMiWEFVX3lxTE9uTHNHVldROEdKSC14Y2Vmdk1IMm91VUU3dkxtWTYwcU80V2xFWmtvcHUzRzM2MGdUUWRWVkc3clRIT0JLM1luWGJqTzNCVkZLbGkyTWVKTDY?oc=5
[Google] 新代(7750)- - 券商分點進出買賣統計-股市爆料同學會 - CMoney → https://news.google.com/rss/articles/CBMiakFVX3lxTFBMWkg4ZzZyWjUyVlg5RW9pZG4tWWZLYXYyaVU4ODdjLW9vZVZ5ZVMzMEdHeGJNLVR3VEhoakZtMkVZeFh3OUhhT3FNd1dFQkZxT2x2RDlxRmFTZUd2UzR6VFIyQi1HUjRJM1E?oc=5
[Google] 7750 新代- 千金日記-股市爆料同學會 - CMoney → https://news.google.com/rss/articles/CBMiWEFVX3lxTE03bGRpTG9Kb2QtM0Z0QmhuUTNtRkhKS2JmQ1REZ2tXZmEtbVZkQVkxUE5oZzhLSjJYdUpkcERJSC1SZ0F3anJQa0VQemdlajFJam9JREJQNDg?oc=5
[MOPS] MOPS 重大訊息查詢頁（7750） → https://mops.twse.com.tw/mops/web/t05sr01_1?co_id=7750&b_date=1150401&e_date=1150518",5,1
3037,欣興,TWSE,強勢觀察,7,821.0,149.5,19522,收盤 821.0 元，前段漲幅 +149.5%，ADR 6.44%，日均成交 19522M 台幣，量比 1.37x,"【3037 欣興 — 強勢觀察】
收盤 821.0 元，前段漲幅 +149.5%，ADR 6.44%，日均成交 19522M 台幣，量比 1.37x

■ 媒體報導（Google News）
  • 欣興獲利狂增446%卻吞半根跌停摜破800元 分析師這樣看 - Yahoo股市
    欣興獲利狂增446%卻吞半根跌停摜破800元 分析師這樣看&nbsp;&nbsp;Yahoo股市
    https://news.google.com/rss/articles/CBMi4AJBVV95cUxPN0tETkR4WHdpQnFnMjQzek91V3BkVVBpWDZjVjhGalZuUUtOQ2xoZTN0ek5xT2xhWHp2bGp6NkdKbDRMUlNmQVFvWTkxaU5YUGFfREFrTXJYYTBLeVliWk1RbXlWUGprS240V3FPVjZMZGxsUVNhdThRNmlReTJtc3gwVExjcjZObTBfSzFQYWMtQjkyeGhWX0I3clZWcUNQVGc0Q1Y4bU9KZXppeTVweVlGNnpfSkxKdUF3U0lSTnBSZGY5bzcwSmM3STNiSUExV1VjSGlub05fUHlxOW9jb1JlSjNSMG9mMzdBQVROR2MzcHhWNHotU0JaNFQ1OGJUcFJBeE5kY3R5YnFfNVhreXRqQlJSMVZmRlZLZ0pOOTV1RzB4VXk0TXRQUDhtcjd1Skh3WXRMeDBuclAxWjVUYWZ6cFRMYzNDb1pOTFVhdlloaXd0SG5MbHJIRTNGT2JH?oc=5
  • 3037 欣興- 回檔打底？走勢轉空？-股市爆料同學會 - CMoney
    3037 欣興- 回檔打底？走勢轉空？-股市爆料同學會&nbsp;&nbsp;CMoney
    https://news.google.com/rss/articles/CBMiWEFVX3lxTE16RUVrMW1HLVRBN2llWmFxa2JlSnBVYUhSb01tT0liTjRtUVAtZWFUdlFYX2tFVnFnVUxucXI2WXV4UnhxNmp5dDNZczdXckxPMkRHbmhUUFg?oc=5
  • 3037 欣興- 欣興布林-股市爆料同學會 - CMoney
    3037 欣興- 欣興布林-股市爆料同學會&nbsp;&nbsp;CMoney
    https://news.google.com/rss/articles/CBMiWEFVX3lxTFB3WC1EZHRuM1haR1hQS0ZZLTBUZDM0NV9jVWVfZWREVktBSzQteFVWdjJUNy1VVmtfeFlBc202a1Y2RHhkM1NsR0c0RG5YM1pha1QyUmZaV3U?oc=5
  • 載板、PCB族群全入列！「這檔」6日狂漲逾30% 連同欣興34檔熱門股亮起注意紅燈 - Yahoo股市
    載板、PCB族群全入列！「這檔」6日狂漲逾30% 連同欣興34檔熱門股亮起注意紅燈&nbsp;&nbsp;Yahoo股市
    https://news.google.com/rss/articles/CBMirwNBVV95cUxQUVpKOWpOQnNUQm1LSnlTT09BOGlUdUE4cUJOSzNsY0JWdTNBT2Y2aXpfMzhhNTBrZi1zZ1Z2V3IzLV8wel9IdXJ2MlE0NmpPdl9nQk51OWVPSU5LZzI2UTJXdTB6REc5ZUhfY2Y4MVF4ekR2emx5bkpLZHdjX0xrSHBqLTF0b191aDdPbzI5SXExU1NhUUxsMDN3b0xqbmotSWN0UFZDR0RocEpuRmRoUlhoR21BNy1kTjBZbXdCV1h2dGdURExYM3pWOENoeTZmWkJkazVrbDZTZjNFV1BraEJTakh6cWxab3l0NGo1aFFaU0w4MXJ2ZXYzU3F4WmJNZjBoTV9xMkt6Ul9lVFB3R3JySEN0eHJENl9MNkYzNVhweGliMERpdi1teENveks0ekpVYi1Vb01hNEF6TjkwdHhySWl6NGF3MUJUaUFLUElPcWR6ck5CODd5UnFiMFNFUzJOdzhqS3d1cl9GMEtMVFZDc0xCWTNKMm9QSHBvZzBJQ0NiQUpDNi1ZSFEzMThvSFBIcjBwQnctSFFfSEdoenZ0TUczUHBfX2V0TmdLMA?oc=5
  • 3037 欣興- 欣興布林-股市爆料同學會 - CMoney
    3037 欣興- 欣興布林-股市爆料同學會&nbsp;&nbsp;CMoney
    https://news.google.com/rss/articles/CBMiWEFVX3lxTE5Sc2JGazdVUThobmJkS2N1VU1fZXJ4ZXU3M1J1a3h3Z2dhdUFwR1I3cXVUUjNqTmE3ZUNtY0FLaVNPV1FkVWRlOEtBaEJ0UEdrVTUzRnZ2N00?oc=5

■ 重大訊息公告（MOPS）
  • [2026-05-18] MOPS 重大訊息查詢頁（3037）
    https://mops.twse.com.tw/mops/web/t05sr01_1?co_id=3037&b_date=1150401&e_date=1150518
","[Google] 欣興獲利狂增446%卻吞半根跌停摜破800元 分析師這樣看 - Yahoo股市 → https://news.google.com/rss/articles/CBMi4AJBVV95cUxPN0tETkR4WHdpQnFnMjQzek91V3BkVVBpWDZjVjhGalZuUUtOQ2xoZTN0ek5xT2xhWHp2bGp6NkdKbDRMUlNmQVFvWTkxaU5YUGFfREFrTXJYYTBLeVliWk1RbXlWUGprS240V3FPVjZMZGxsUVNhdThRNmlReTJtc3gwVExjcjZObTBfSzFQYWMtQjkyeGhWX0I3clZWcUNQVGc0Q1Y4bU9KZXppeTVweVlGNnpfSkxKdUF3U0lSTnBSZGY5bzcwSmM3STNiSUExV1VjSGlub05fUHlxOW9jb1JlSjNSMG9mMzdBQVROR2MzcHhWNHotU0JaNFQ1OGJUcFJBeE5kY3R5YnFfNVhreXRqQlJSMVZmRlZLZ0pOOTV1RzB4VXk0TXRQUDhtcjd1Skh3WXRMeDBuclAxWjVUYWZ6cFRMYzNDb1pOTFVhdlloaXd0SG5MbHJIRTNGT2JH?oc=5
[Google] 3037 欣興- 回檔打底？走勢轉空？-股市爆料同學會 - CMoney → https://news.google.com/rss/articles/CBMiWEFVX3lxTE16RUVrMW1HLVRBN2llWmFxa2JlSnBVYUhSb01tT0liTjRtUVAtZWFUdlFYX2tFVnFnVUxucXI2WXV4UnhxNmp5dDNZczdXckxPMkRHbmhUUFg?oc=5
[Google] 3037 欣興- 欣興布林-股市爆料同學會 - CMoney → https://news.google.com/rss/articles/CBMiWEFVX3lxTFB3WC1EZHRuM1haR1hQS0ZZLTBUZDM0NV9jVWVfZWREVktBSzQteFVWdjJUNy1VVmtfeFlBc202a1Y2RHhkM1NsR0c0RG5YM1pha1QyUmZaV3U?oc=5
[Google] 載板、PCB族群全入列！「這檔」6日狂漲逾30% 連同欣興34檔熱門股亮起注意紅燈 - Yahoo股市 → https://news.google.com/rss/articles/CBMirwNBVV95cUxQUVpKOWpOQnNUQm1LSnlTT09BOGlUdUE4cUJOSzNsY0JWdTNBT2Y2aXpfMzhhNTBrZi1zZ1Z2V3IzLV8wel9IdXJ2MlE0NmpPdl9nQk51OWVPSU5LZzI2UTJXdTB6REc5ZUhfY2Y4MVF4ekR2emx5bkpLZHdjX0xrSHBqLTF0b191aDdPbzI5SXExU1NhUUxsMDN3b0xqbmotSWN0UFZDR0RocEpuRmRoUlhoR21BNy1kTjBZbXdCV1h2dGdURExYM3pWOENoeTZmWkJkazVrbDZTZjNFV1BraEJTakh6cWxab3l0NGo1aFFaU0w4MXJ2ZXYzU3F4WmJNZjBoTV9xMkt6Ul9lVFB3R3JySEN0eHJENl9MNkYzNVhweGliMERpdi1teENveks0ekpVYi1Vb01hNEF6TjkwdHhySWl6NGF3MUJUaUFLUElPcWR6ck5CODd5UnFiMFNFUzJOdzhqS3d1cl9GMEtMVFZDc0xCWTNKMm9QSHBvZzBJQ0NiQUpDNi1ZSFEzMThvSFBIcjBwQnctSFFfSEdoenZ0TUczUHBfX2V0TmdLMA?oc=5
[Google] 3037 欣興- 欣興布林-股市爆料同學會 - CMoney → https://news.google.com/rss/articles/CBMiWEFVX3lxTE5Sc2JGazdVUThobmJkS2N1VU1fZXJ4ZXU3M1J1a3h3Z2dhdUFwR1I3cXVUUjNqTmE3ZUNtY0FLaVNPV1FkVWRlOEtBaEJ0UEdrVTUzRnZ2N00?oc=5
[MOPS] MOPS 重大訊息查詢頁（3037） → https://mops.twse.com.tw/mops/web/t05sr01_1?co_id=3037&b_date=1150401&e_date=1150518",5,1
6278,台表科,TWSE,強勢觀察,7,220.5,138.4,3188,收盤 220.5 元，前段漲幅 +138.4%，ADR 9.52%，日均成交 3188M 台幣，量比 2.59x，10MA>20MA>50MA 多頭排列,"【6278 台表科 — 強勢觀察】
收盤 220.5 元，前段漲幅 +138.4%，ADR 9.52%，日均成交 3188M 台幣，量比 2.59x，10MA>20MA>50MA 多頭排列

■ 媒體報導（Google News）
  • 台表科(6278)- - 券商分點進出買賣統計-股市爆料同學會 - CMoney
    台表科(6278)- - 券商分點進出買賣統計-股市爆料同學會&nbsp;&nbsp;CMoney
    https://news.google.com/rss/articles/CBMiakFVX3lxTFBUcWdhSnkyb3VKVVZOeDNfR2ZWMWdTSzlmTWxXVDlfV3JQTThDWUlTSl83MjNOcWVYeGc5OVVUaUhGUi0tNjF4YzlXOEtLQWp3Ry1jWXVYYUdJdWpnM0ZKSV91dDBjd2JRNVE?oc=5
  • 【即時新聞】台表科(6278)爆量鎖漲停，大戶狂掃這「5檔概念股」接棒上攻！ - CMoney投資網誌
    【即時新聞】台表科(6278)爆量鎖漲停，大戶狂掃這「5檔概念股」接棒上攻！&nbsp;&nbsp;CMoney投資網誌
    https://news.google.com/rss/articles/CBMikAFBVV95cUxPY3pFWHZEMDl4bHhnYnZnSTU5ZHVybmVGNDdtelYyUVRZZ3hDejJSUENPR1FpVG5CUzFrdkp0TFlMZFFZWlVmQ2ctVFQzdF9YUkZRand0Uld3amxjQ1lVT3p5NlNNS2VUZ3V2YjZWWFlvYms3THlJRVpISkoySVdOV2c1bGN3UEUxdF81NnFmWXA?oc=5
  • 穩懋、台表科、光鋐帶頭衝！光電通訊+功率半導體全面爆發｜今日漲停跌停股0417｜豐雲學堂2026 年 05 月 - sinotrade.com.tw
    穩懋、台表科、光鋐帶頭衝！光電通訊+功率半導體全面爆發｜今日漲停跌停股0417｜豐雲學堂2026 年 05 月&nbsp;&nbsp;sinotrade.com.tw
    https://news.google.com/rss/articles/CBMi8gNBVV95cUxQS3hScDIzZF8zTXJwOGJQRWVWS2dEd2o1TXZ6Wi03NE9ERUVGUjcybDUxMVpJTmUxWkRIYUN0emNIUjJBZnY4alY3clB6bjBUcnduSjU2aU8zWUdVal9BbEpiR3FLUU00QXhhb0pueXdxYlFUYTgwQUVsV1hWYTQ4eTRYUGpyX1ZqUUhUaXBfN0Q2a2hNZTRpSWFLdG50SnFkYmZzcTZqSm96QmhsM3cyVlZvUXBsOWNDbElhdFkwOUF5STdqLWM2MXNwUFJ3WVBnZk92MElramNhWlpYTklYU3FGRFh5VENjc1FITldMdXdyVDZ5ZjBYTGk3ZXM5WU11WXktNy1ST254MzN3RDZwNFVNa3N3V1NFdHBuVlhqSlhOSU9tOXZDWU9NOW5hWWdtOVJXWEtBd0ZXTzAzQm1GTGZNVmpLXzFvRERpWXktVm1CeTJUVmFFX1NZSnlkVzRRQURTSGcwZUZRbkNjbFY2ZXdLaHEtZlJISXphR21qWXVhZFlHeXJFTUV2eEYtdVNBSVhhM3JCUURWTWNQTnRjd2pIaXhUMExKQzlDcFVtWnBNV1dOOEU4NmxUTXJPUDFjNlppNzNWVEV0SG0zY3BZUDY0ZTIzbG9BbnlHNkI2b2xBMkR0OTFmd3diV2g0OG1VeWc?oc=5
  • 【營收快訊】台表科(6278)公告04月營收 - CMoney
    【營收快訊】台表科(6278)公告04月營收&nbsp;&nbsp;CMoney
    https://news.google.com/rss/articles/CBMiWEFVX3lxTFBaS01GNlluSHZkY0x5WW5vdUM4SXVkdHdGUXdFZVhuc2x0T0xUZVVidVNhOF9kckczbG5uejJVNlc4UHVrb3BMSkRlMmZOQkpmWXd5b0tCd0c?oc=5
  • 6278 台表科- 本週最值得當沖短空的個股-股市爆料同學會 - CMoney
    6278 台表科- 本週最值得當沖短空的個股-股市爆料同學會&nbsp;&nbsp;CMoney
    https://news.google.com/rss/articles/CBMiWEFVX3lxTFB6dXprNTJVd2lxd1JUbmJidUJmZ1JBZ3pORkNocXk3bHZCVEJ0bEgyV3dwcmtjeVA2M0FlSEZuNGJkM3hmczNhTzNaU1dCZ1NwMnNJWXcydnc?oc=5

■ 重大訊息公告（MOPS）
  • [2026-05-18] MOPS 重大訊息查詢頁（6278）
    https://mops.twse.com.tw/mops/web/t05sr01_1?co_id=6278&b_date=1150401&e_date=1150518
","[Google] 台表科(6278)- - 券商分點進出買賣統計-股市爆料同學會 - CMoney → https://news.google.com/rss/articles/CBMiakFVX3lxTFBUcWdhSnkyb3VKVVZOeDNfR2ZWMWdTSzlmTWxXVDlfV3JQTThDWUlTSl83MjNOcWVYeGc5OVVUaUhGUi0tNjF4YzlXOEtLQWp3Ry1jWXVYYUdJdWpnM0ZKSV91dDBjd2JRNVE?oc=5
[Google] 【即時新聞】台表科(6278)爆量鎖漲停，大戶狂掃這「5檔概念股」接棒上攻！ - CMoney投資網誌 → https://news.google.com/rss/articles/CBMikAFBVV95cUxPY3pFWHZEMDl4bHhnYnZnSTU5ZHVybmVGNDdtelYyUVRZZ3hDejJSUENPR1FpVG5CUzFrdkp0TFlMZFFZWlVmQ2ctVFQzdF9YUkZRand0Uld3amxjQ1lVT3p5NlNNS2VUZ3V2YjZWWFlvYms3THlJRVpISkoySVdOV2c1bGN3UEUxdF81NnFmWXA?oc=5
[Google] 穩懋、台表科、光鋐帶頭衝！光電通訊+功率半導體全面爆發｜今日漲停跌停股0417｜豐雲學堂2026 年 05 月 - sinotrade.com.tw → https://news.google.com/rss/articles/CBMi8gNBVV95cUxQS3hScDIzZF8zTXJwOGJQRWVWS2dEd2o1TXZ6Wi03NE9ERUVGUjcybDUxMVpJTmUxWkRIYUN0emNIUjJBZnY4alY3clB6bjBUcnduSjU2aU8zWUdVal9BbEpiR3FLUU00QXhhb0pueXdxYlFUYTgwQUVsV1hWYTQ4eTRYUGpyX1ZqUUhUaXBfN0Q2a2hNZTRpSWFLdG50SnFkYmZzcTZqSm96QmhsM3cyVlZvUXBsOWNDbElhdFkwOUF5STdqLWM2MXNwUFJ3WVBnZk92MElramNhWlpYTklYU3FGRFh5VENjc1FITldMdXdyVDZ5ZjBYTGk3ZXM5WU11WXktNy1ST254MzN3RDZwNFVNa3N3V1NFdHBuVlhqSlhOSU9tOXZDWU9NOW5hWWdtOVJXWEtBd0ZXTzAzQm1GTGZNVmpLXzFvRERpWXktVm1CeTJUVmFFX1NZSnlkVzRRQURTSGcwZUZRbkNjbFY2ZXdLaHEtZlJISXphR21qWXVhZFlHeXJFTUV2eEYtdVNBSVhhM3JCUURWTWNQTnRjd2pIaXhUMExKQzlDcFVtWnBNV1dOOEU4NmxUTXJPUDFjNlppNzNWVEV0SG0zY3BZUDY0ZTIzbG9BbnlHNkI2b2xBMkR0OTFmd3diV2g0OG1VeWc?oc=5
[Google] 【營收快訊】台表科(6278)公告04月營收 - CMoney → https://news.google.com/rss/articles/CBMiWEFVX3lxTFBaS01GNlluSHZkY0x5WW5vdUM4SXVkdHdGUXdFZVhuc2x0T0xUZVVidVNhOF9kckczbG5uejJVNlc4UHVrb3BMSkRlMmZOQkpmWXd5b0tCd0c?oc=5
[Google] 6278 台表科- 本週最值得當沖短空的個股-股市爆料同學會 - CMoney → https://news.google.com/rss/articles/CBMiWEFVX3lxTFB6dXprNTJVd2lxd1JUbmJidUJmZ1JBZ3pORkNocXk3bHZCVEJ0bEgyV3dwcmtjeVA2M0FlSEZuNGJkM3hmczNhTzNaU1dCZ1NwMnNJWXcydnc?oc=5
[MOPS] MOPS 重大訊息查詢頁（6278） → https://mops.twse.com.tw/mops/web/t05sr01_1?co_id=6278&b_date=1150401&e_date=1150518",5,1
